pre_site_id,post_site_id,ei_truth,syn_layer
4.40983E+11,4.40983E+11,1,Layer 1
3.62674E+11,3.62674E+11,1,Layer 1
4.37002E+11,4.37002E+11,1,Layer 1
3.97563E+11,3.97563E+11,1,Layer 1
4.35086E+11,4.35086E+11,1,Layer 1
4.71501E+11,6.3537E+11,1,Layer 1
3.6941E+11,3.6941E+11,1,Layer 1
4.00347E+11,4.00347E+11,1,Layer 1
7473306935,7473306933,1,Layer 1
5.79161E+11,5.79161E+11,1,Layer 1
4.71681E+11,4.71681E+11,1,Layer 1
5.07797E+11,5.07797E+11,1,Layer 1
4.36014E+11,4.36014E+11,1,Layer 1
4.07681E+11,4.07681E+11,1,Layer 1
4.71382E+11,4.71382E+11,1,Layer 1
4.68806E+11,4.68806E+11,1,Layer 2
5.08396E+11,5.08396E+11,1,Layer 1
4.35984E+11,4.35984E+11,1,Layer 1
4.75722E+11,4.75722E+11,1,Layer 1
4.05077E+11,4.05077E+11,1,Layer 1
6.35405E+11,6.35378E+11,1,Layer 1
4.74764E+11,4.74764E+11,1,Layer 1
4.41582E+11,4.41582E+11,1,Layer 2
4.05137E+11,4.05137E+11,1,Layer 1
4.73118E+11,4.73118E+11,1,Layer 1
4.43049E+11,4.43049E+11,1,Layer 1
3.29311E+11,3.29311E+11,2,Layer 2
4.35982E+11,4.35982E+11,2,Layer 2
3.2934E+11,6.35419E+11,2,Layer 2
4.06453E+11,4.06453E+11,2,Layer 2
3.69977E+11,3.69977E+11,2,Layer 2
4.11269E+11,4.11269E+11,1,Layer 3
4.10881E+11,4.10881E+11,1,Layer 2
4.03396E+11,4.03396E+11,2,Layer 3
4.16656E+11,4.16656E+11,2,Layer 3
3.35805E+11,3.35805E+11,2,Layer 2
2.26496E+11,2.26496E+11,2,Layer 3
3.67849E+11,3.67849E+11,2,Layer 3
4.03366E+11,4.03366E+11,2,Layer 3
3.68028E+11,3.68028E+11,2,Layer 3
4.08757E+11,4.08757E+11,2,Layer 2
6.35392E+11,3.33679E+11,2,Layer 3
4.09952E+11,4.09952E+11,2,Layer 3
1.23928E+11,1.23928E+11,2,Layer 3
4.03366E+11,4.03366E+11,2,Layer 3
5.57009E+11,5.57009E+11,2,Layer 6
4.43132E+11,4.43132E+11,2,Layer 3
4.15214E+11,4.15214E+11,2,Layer 5
4.38641E+11,4.38641E+11,2,Layer 3
3.76291E+11,3.76291E+11,2,Layer 3
4.76618E+11,4.76618E+11,2,Layer 2
3.69524E+11,3.69524E+11,2,Layer 3
4.43162E+11,6.35373E+11,2,Layer 3
3.73474E+11,3.73474E+11,2,Layer 3
4.09833E+11,4.09833E+11,2,Layer 2
2.69254E+11,2.69254E+11,2,Layer 5
4.73144E+11,4.73144E+11,2,Layer 3
3.73355E+11,3.73355E+11,2,Layer 3
4.80419E+11,4.80419E+11,1,Layer 2
4.03189E+11,4.03189E+11,1,Layer 2
2.6133E+11,2.6133E+11,1,Layer 2
3.98909E+11,3.98909E+11,1,Layer 2
4.06302E+11,4.06302E+11,1,Layer 2
3.73958E+11,6.35384E+11,1,Layer 2
3.74346E+11,3.74346E+11,1,Layer 2
3.34129E+11,3.34129E+11,1,Layer 3
6.35387E+11,3.98939E+11,1,Layer 2
4.68773E+11,4.68773E+11,1,Layer 2
3.34905E+11,3.34905E+11,1,Layer 3
2.94778E+11,2.94778E+11,1,Layer 3
4.05581E+11,6.35373E+11,1,Layer 3
3.29757E+11,3.29757E+11,1,Layer 3
4.40919E+11,4.40919E+11,1,Layer 3
4.40804E+11,4.40804E+11,1,Layer 1
3.80512E+11,6.35394E+11,1,Layer 2
4.68627E+11,4.68627E+11,1,Layer 1
6.35372E+11,4.39187E+11,1,Layer 1
5.44985E+11,5.44985E+11,1,Layer 3
6.35387E+11,3.39906E+11,1,Layer 3
3.32872E+11,3.32872E+11,1,Layer 2
4.41039E+11,4.41039E+11,1,Layer 3
4.50972E+11,4.50972E+11,2,Layer 4
4.50613E+11,4.50613E+11,2,Layer 4
6.35371E+11,6.35416E+11,2,Layer 5
4.14288E+11,4.14288E+11,2,Layer 4
4.51274E+11,4.51274E+11,2,Layer 3
3.76193E+11,6.35379E+11,2,Layer 5
4.11621E+11,4.11621E+11,2,Layer 5
4.42857E+11,4.42857E+11,2,Layer 5
4.15425E+11,4.15425E+11,2,Layer 4
5.24041E+11,5.24041E+11,2,Layer 5
4.48215E+11,4.48215E+11,2,Layer 5
4.09051E+11,4.09051E+11,2,Layer 4
4.5118E+11,4.5118E+11,2,Layer 5
3.79967E+11,6.35374E+11,2,Layer 5
4.14946E+11,4.14946E+11,2,Layer 4
3.68113E+11,3.68113E+11,2,Layer 4
4.39179E+11,4.39179E+11,2,Layer 3
4.48514E+11,4.48514E+11,2,Layer 5
3.31879E+11,3.31879E+11,2,Layer 3
2.66826E+11,2.66826E+11,2,Layer 5
5.19191E+11,5.19191E+11,2,Layer 5
5.49381E+11,5.49381E+11,2,Layer 4
2.66886E+11,2.66886E+11,2,Layer 5
3.32423E+11,3.32423E+11,1,Layer 2
1.20007E+11,1.20007E+11,1,Layer 3
4.75628E+11,6.35387E+11,1,Layer 3
1.55973E+11,1.55973E+11,1,Layer 3
1.55644E+11,1.55644E+11,1,Layer 3
5.10816E+11,5.10816E+11,1,Layer 3
4.09743E+11,4.09743E+11,1,Layer 3
4.1118E+11,4.1118E+11,1,Layer 2
4.42089E+11,4.42089E+11,1,Layer 2
6.35401E+11,4.4529E+11,1,Layer 3
4.37776E+11,4.37776E+11,1,Layer 3
84040316627,84040316628,1,Layer 3
5.10937E+11,5.10937E+11,1,Layer 2
4.38883E+11,4.38883E+11,1,Layer 3
2.96903E+11,2.96903E+11,2,Layer 3
4.45887E+11,4.45857E+11,2,Layer 3
4.02107E+11,4.02107E+11,2,Layer 3
4.13334E+11,4.13334E+11,2,Layer 3
2.96363E+11,2.96363E+11,2,Layer 3
5.16654E+11,5.16654E+11,2,Layer 3
55347295045,55347295044,2,Layer 3
2.96662E+11,2.96662E+11,2,Layer 3
6.35402E+11,3.04837E+11,2,Layer 3
4.09354E+11,4.09354E+11,2,Layer 2
2.94747E+11,2.94747E+11,2,Layer 3
2.95523E+11,2.95523E+11,2,Layer 3
4.03665E+11,6.35391E+11,2,Layer 3
4.76437E+11,4.76437E+11,2,Layer 3
3.40562E+11,6.35371E+11,2,Layer 3
4.77995E+11,4.77995E+11,2,Layer 2
4.75003E+11,4.75003E+11,2,Layer 2
3.29488E+11,3.29488E+11,2,Layer 2
3.30059E+11,3.30059E+11,2,Layer 2
4.37897E+11,4.37897E+11,2,Layer 2
3.30089E+11,3.30089E+11,2,Layer 2
3.67045E+11,6.35387E+11,2,Layer 2
20700484609,20700484608,2,Layer 2
4.00945E+11,4.00945E+11,1,Layer 1
4.75782E+11,4.75782E+11,1,Layer 1
4.38798E+11,4.38798E+11,1,Layer 1
4.75782E+11,4.75782E+11,1,Layer 1
4.70094E+11,4.70094E+11,1,Layer 1
3.97832E+11,3.97832E+11,1,Layer 1
4.01931E+11,4.01931E+11,1,Layer 2
4.82005E+11,4.82005E+11,1,Layer 2
4.40024E+11,4.40024E+11,1,Layer 2
6.35371E+11,4.40741E+11,1,Layer 2
4.01572E+11,6.354E+11,1,Layer 2
4.8057E+11,4.8057E+11,1,Layer 2
4.39514E+11,4.39514E+11,1,Layer 2
4.4583E+11,6.35382E+11,1,Layer 2
4.41911E+11,4.41911E+11,1,Layer 2
4.40561E+11,4.40561E+11,1,Layer 3
4.40681E+11,6.35393E+11,1,Layer 2
3.34429E+11,6.3537E+11,1,Layer 2
4.44722E+11,4.44722E+11,1,Layer 3
4.72751E+11,4.72751E+11,2,Layer 3
5.12757E+11,5.12757E+11,2,Layer 4
2.70932E+11,2.70932E+11,2,Layer 4
3.06121E+11,3.06121E+11,2,Layer 3
4.43195E+11,4.43195E+11,2,Layer 3
4.05427E+11,4.05427E+11,2,Layer 4
4.48104E+11,4.48104E+11,2,Layer 2
5.20662E+11,5.20662E+11,2,Layer 3
4.40018E+11,4.40048E+11,2,Layer 3
4.42531E+11,4.42531E+11,2,Layer 4
4.07071E+11,4.07071E+11,2,Layer 5
5.08179E+11,5.08179E+11,2,Layer 3
4.39274E+11,4.39274E+11,2,Layer 2
4.00671E+11,4.00671E+11,2,Layer 3
4.06954E+11,4.06954E+11,2,Layer 4
4.41962E+11,4.41962E+11,2,Layer 4
4.77689E+11,4.77689E+11,2,Layer 4
3.34602E+11,3.34602E+11,2,Layer 4
4.06984E+11,4.06984E+11,2,Layer 4
2.98218E+11,2.98218E+11,2,Layer 3
3.71764E+11,3.71764E+11,2,Layer 4
3.06629E+11,3.06629E+11,2,Layer 4
4.3849E+11,4.3849E+11,2,Layer 3
3.31492E+11,3.31492E+11,2,Layer 3
4.03813E+11,4.03813E+11,2,Layer 3
3.72453E+11,3.72453E+11,2,Layer 4
4.7685E+11,4.7685E+11,2,Layer 4
4.77689E+11,4.77689E+11,2,Layer 4
5.51538E+11,5.51508E+11,2,Layer 4
4.34454E+11,4.34454E+11,1,Layer 2
4.02288E+11,4.02288E+11,1,Layer 3
4.1133E+11,4.1133E+11,1,Layer 3
3.35026E+11,3.35026E+11,1,Layer 3
4.43945E+11,4.43945E+11,1,Layer 2
4.42296E+11,4.42296E+11,1,Layer 3
6.354E+11,6.35384E+11,1,Layer 2
4.05012E+11,4.05012E+11,1,Layer 3
4.46728E+11,4.46728E+11,1,Layer 2
4.46728E+11,4.46728E+11,1,Layer 2
4.02829E+11,4.02829E+11,1,Layer 2
3.26856E+11,3.26856E+11,2,Layer 2
4.08845E+11,4.08845E+11,2,Layer 3
3.31916E+11,3.31916E+11,2,Layer 2
4.73653E+11,4.73653E+11,2,Layer 3
4.08815E+11,4.08815E+11,2,Layer 3
1.15846E+11,1.15846E+11,2,Layer 2
3.26826E+11,3.26826E+11,2,Layer 2
3.73389E+11,3.73389E+11,2,Layer 2
3.7306E+11,6.35387E+11,2,Layer 2
3.26856E+11,3.26856E+11,2,Layer 2
5.07882E+11,5.07882E+11,2,Layer 3
3.99088E+11,3.99088E+11,2,Layer 2
4.82095E+11,4.82095E+11,1,Layer 2
4.06931E+11,4.06931E+11,1,Layer 2
3.765E+11,3.765E+11,1,Layer 3
4.46488E+11,4.46488E+11,1,Layer 2
4.46638E+11,4.46638E+11,1,Layer 2
4.46488E+11,4.46488E+11,2,Layer 2
12856082980,12856082981,1,Layer 3
4.40233E+11,6.3541E+11,2,Layer 2
3.99238E+11,6.35374E+11,2,Layer 2
3.34572E+11,3.34572E+11,2,Layer 4
4.78983E+11,4.78983E+11,1,Layer 2
3.69554E+11,3.69554E+11,2,Layer 3
4.07467E+11,4.07467E+11,2,Layer 3
3.79224E+11,3.79224E+11,2,Layer 3
4.11956E+11,4.11956E+11,2,Layer 3
4.42537E+11,4.42537E+11,2,Layer 2
1.55614E+11,6.35385E+11,1,Layer 3
4.74252E+11,4.74252E+11,1,Layer 3
15161562894,15161562893,1,Layer 3
4.80869E+11,4.80869E+11,1,Layer 2
4.11838E+11,4.11838E+11,2,Layer 3
4.7566E+11,4.7566E+11,2,Layer 2
4.39212E+11,4.39212E+11,1,Layer 3
4.38735E+11,4.38735E+11,2,Layer 2
4.4529E+11,4.4529E+11,1,Layer 3
4.46249E+11,4.46249E+11,1,Layer 2
4.03698E+11,4.03698E+11,2,Layer 2
4.10792E+11,4.10792E+11,1,Layer 2
1.25215E+11,1.25215E+11,2,Layer 3
4.06333E+11,4.06333E+11,1,Layer 2
3.27423E+11,3.27423E+11,2,Layer 2
4.03992E+11,4.03992E+11,2,Layer 3
49121712108,49121712107,1,Layer 3
77246823638,77246823637,2,Layer 2
21119669131,21119669132,2,Layer 2
4.39656E+11,4.39656E+11,2,Layer 4
5.4496E+11,6.35392E+11,1,Layer 2
4.01629E+11,4.01629E+11,2,Layer 3
50886620891,50916542814,1,Layer 3
4.77367E+11,4.77367E+11,2,Layer 2
3.74975E+11,3.74975E+11,2,Layer 2
3.75274E+11,3.75274E+11,2,Layer 2
3.74227E+11,3.74227E+11,1,Layer 2
2.31678E+11,2.31678E+11,1,Layer 2
4.44752E+11,4.44752E+11,1,Layer 3
3.71022E+11,3.71022E+11,2,Layer 3
4.40681E+11,4.40681E+11,1,Layer 2
4.06961E+11,4.06961E+11,1,Layer 2
4.44005E+11,6.35406E+11,2,Layer 2
4.40561E+11,4.40561E+11,2,Layer 3
5.10729E+11,5.10729E+11,2,Layer 2
4.43675E+11,6.35383E+11,1,Layer 2
4.04712E+11,4.04712E+11,2,Layer 3
3.31014E+11,3.31014E+11,1,Layer 3
4.73621E+11,4.73621E+11,2,Layer 3
4.48134E+11,4.48134E+11,2,Layer 2
4.44274E+11,4.44274E+11,2,Layer 2
3.38559E+11,3.38559E+11,1,Layer 3
3.36222E+11,3.36222E+11,2,Layer 3
4.42567E+11,4.42567E+11,2,Layer 2
3.34218E+11,3.34218E+11,2,Layer 3
4.42478E+11,4.42478E+11,2,Layer 2
3.71234E+11,3.71234E+11,1,Layer 2
3.71383E+11,3.71383E+11,2,Layer 2
3.6752E+11,3.6752E+11,2,Layer 3
3.68598E+11,3.68598E+11,2,Layer 2
3.72872E+11,3.72872E+11,2,Layer 4
4.39873E+11,4.39873E+11,2,Layer 2
4.41069E+11,4.41069E+11,1,Layer 3
5.16594E+11,5.16594E+11,2,Layer 3
2.67285E+11,2.67285E+11,1,Layer 2
3.42986E+11,3.42986E+11,2,Layer 3
5.45914E+11,5.45914E+11,2,Layer 3
6.35379E+11,4.45466E+11,2,Layer 4
4.02614E+11,4.02614E+11,2,Layer 3
46518884992,46518884991,2,Layer 2
3.42714E+11,3.42714E+11,2,Layer 4
1.53069E+11,6.35386E+11,1,Layer 3
4.48043E+11,4.48043E+11,2,Layer 3
3.70874E+11,3.70874E+11,1,Layer 2
2.58845E+11,2.58845E+11,1,Layer 2
5.54557E+11,5.54557E+11,2,Layer 5
4.03872E+11,6.35379E+11,2,Layer 3
3.3434E+11,3.3434E+11,1,Layer 2
6.3537E+11,47444350125,1,Layer 3
3.99238E+11,3.99238E+11,2,Layer 2
4.39302E+11,4.39302E+11,1,Layer 3
3.34248E+11,3.34248E+11,1,Layer 3
4.43824E+11,4.43824E+11,1,Layer 2
4.51452E+11,4.51452E+11,2,Layer 3
3.73564E+11,3.73564E+11,2,Layer 3
3.38017E+11,3.38017E+11,2,Layer 3
4.7572E+11,6.35396E+11,2,Layer 2
3.31729E+11,3.31729E+11,2,Layer 3
3.35835E+11,3.35835E+11,2,Layer 3
4.75832E+11,4.75832E+11,2,Layer 4
3.74615E+11,3.74615E+11,1,Layer 2
4.39335E+11,4.39335E+11,2,Layer 2
4.45231E+11,4.45231E+11,2,Layer 2
4.3613E+11,6.3537E+11,2,Layer 2
4.45974E+11,4.45974E+11,2,Layer 4
3.78176E+11,3.78176E+11,2,Layer 3
2.64263E+11,2.64263E+11,2,Layer 2
42777290788,42777290787,2,Layer 2
4.07079E+11,4.07079E+11,2,Layer 3
1.55823E+11,1.55823E+11,1,Layer 3
4.35351E+11,4.35351E+11,2,Layer 2
4.09235E+11,4.09235E+11,2,Layer 2
4.06568E+11,4.06568E+11,2,Layer 3
4.74935E+11,6.3542E+11,2,Layer 4
3.69916E+11,3.69916E+11,2,Layer 2
3.75424E+11,3.75424E+11,2,Layer 2
6.35385E+11,6.35378E+11,1,Layer 2
4.71979E+11,4.71979E+11,2,Layer 2
4.4568E+11,4.4568E+11,1,Layer 2
4.74374E+11,4.74374E+11,2,Layer 2
3.78176E+11,3.78176E+11,2,Layer 3
4.01422E+11,4.01452E+11,2,Layer 2
4.86996E+11,4.86996E+11,2,Layer 5
4.45831E+11,4.45831E+11,1,Layer 2
3.79967E+11,3.79967E+11,2,Layer 4
3.73419E+11,3.73419E+11,1,Layer 2
5.15517E+11,5.15517E+11,1,Layer 2
3.06122E+11,3.06122E+11,2,Layer 3
57142524527,57142524528,2,Layer 3
47414428163,47414428162,1,Layer 3
2.67494E+11,2.67524E+11,2,Layer 3
5.10937E+11,5.10937E+11,1,Layer 2
4.11026E+11,6.35377E+11,2,Layer 4
4.81286E+11,4.81286E+11,1,Layer 3
4.03871E+11,4.03871E+11,2,Layer 3
4.74704E+11,4.74704E+11,1,Layer 2
4.81677E+11,4.81677E+11,1,Layer 2
3.40981E+11,3.40981E+11,2,Layer 3
4.50378E+11,4.50378E+11,1,Layer 3
4.40889E+11,4.40889E+11,1,Layer 3
5.11057E+11,5.11057E+11,1,Layer 2
1.93736E+11,1.93736E+11,1,Layer 3
4.38853E+11,4.38853E+11,2,Layer 3
3.27573E+11,3.27573E+11,1,Layer 2
4.81942E+11,4.81942E+11,2,Layer 3
3.04147E+11,3.04147E+11,2,Layer 3
4.07859E+11,4.07859E+11,1,Layer 2
3.74974E+11,3.74974E+11,2,Layer 2
4.4071E+11,4.4071E+11,1,Layer 3
7349579993,7349579997,2,Layer 2
4.78139E+11,4.78139E+11,2,Layer 4
6.35376E+11,4.37746E+11,1,Layer 3
4.16085E+11,4.16085E+11,2,Layer 3
4.10223E+11,4.10223E+11,1,Layer 2
3.73206E+11,3.73206E+11,2,Layer 3
4.37E+11,4.37E+11,1,Layer 2
3.37781E+11,3.37781E+11,2,Layer 2
3.04718E+11,3.04718E+11,1,Layer 3
4.39242E+11,4.39242E+11,1,Layer 3
4.87332E+11,4.87332E+11,2,Layer 3
4.10192E+11,4.10192E+11,1,Layer 2
2.97207E+11,2.97207E+11,2,Layer 2
4.05491E+11,4.05491E+11,1,Layer 3
4.15395E+11,4.15395E+11,2,Layer 4
4.03426E+11,4.03426E+11,2,Layer 3
4.72993E+11,4.72993E+11,2,Layer 3
4.41042E+11,6.3537E+11,1,Layer 2
20370528446,6.3537E+11,1,Layer 2
2.57765E+11,2.57765E+11,2,Layer 3
6811193164,6811193165,2,Layer 2
4.03666E+11,4.03666E+11,2,Layer 3
84399761252,84399761251,1,Layer 3
6.35377E+11,4.79035E+11,2,Layer 4
4.39302E+11,4.39302E+11,1,Layer 3
4.75808E+11,4.75808E+11,2,Layer 3
3.73624E+11,3.73594E+11,2,Layer 3
1.49507E+11,1.49507E+11,2,Layer 2
2.31618E+11,2.31618E+11,1,Layer 2
5.51658E+11,5.51658E+11,2,Layer 4
1.22792E+11,6.35395E+11,2,Layer 2
4.00283E+11,4.00283E+11,2,Layer 3
4.10282E+11,4.10282E+11,1,Layer 2
82305191078,82305191077,1,Layer 2
18123903947,18123903945,2,Layer 3
53074666813,53074666814,1,Layer 2
4.02978E+11,4.02978E+11,1,Layer 3
3.68687E+11,3.68687E+11,1,Layer 3
4.50289E+11,4.50289E+11,1,Layer 3
3.74793E+11,3.74793E+11,2,Layer 3
4.11958E+11,4.11958E+11,1,Layer 3
4.75091E+11,4.75091E+11,2,Layer 2
4.74277E+11,4.74277E+11,2,Layer 3
4.01602E+11,4.01602E+11,1,Layer 2
2.31708E+11,2.31708E+11,1,Layer 2
5.16354E+11,5.16354E+11,2,Layer 3
4.79312E+11,4.79312E+11,1,Layer 2
3.99535E+11,3.99535E+11,1,Layer 2
4.4071E+11,4.4071E+11,2,Layer 3
2.61928E+11,2.61928E+11,2,Layer 2
1.23899E+11,1.23899E+11,2,Layer 2
4.73235E+11,4.73235E+11,1,Layer 2
2.31648E+11,2.31648E+11,1,Layer 2
1.23898E+11,1.23898E+11,2,Layer 3
4.04744E+11,6.35373E+11,2,Layer 3
4.14023E+11,4.14023E+11,2,Layer 2
3.99148E+11,6.35405E+11,2,Layer 2
4.76767E+11,4.76767E+11,1,Layer 3
4.08307E+11,4.08307E+11,1,Layer 2
2.23355E+11,2.23355E+11,1,Layer 3
84369822046,84369822045,1,Layer 3
3.67159E+11,3.67159E+11,2,Layer 3
3.71442E+11,3.71442E+11,2,Layer 3
4.04265E+11,4.04265E+11,2,Layer 3
1.55614E+11,1.55614E+11,1,Layer 3
4.04327E+11,4.04327E+11,2,Layer 2
4.03759E+11,4.03759E+11,1,Layer 1
5.52735E+11,5.52735E+11,2,Layer 4
2.68093E+11,2.68093E+11,1,Layer 3
9770309700,9770309699,1,Layer 3
5.10816E+11,5.10816E+11,1,Layer 3
4.39093E+11,4.39093E+11,1,Layer 3
2.69171E+11,2.69171E+11,1,Layer 3
5.52705E+11,5.52705E+11,2,Layer 4
4.81256E+11,4.81256E+11,1,Layer 3
4.09833E+11,4.09833E+11,1,Layer 3
4.80657E+11,4.80657E+11,2,Layer 3
3.66892E+11,3.66862E+11,2,Layer 3
4.08424E+11,4.08424E+11,2,Layer 3
4.09865E+11,4.09865E+11,1,Layer 2
4.4367E+11,4.437E+11,2,Layer 3
4.1405E+11,4.1405E+11,2,Layer 3
5.44211E+11,5.44211E+11,2,Layer 2
4.10312E+11,4.10312E+11,1,Layer 2
5.07971E+11,5.07971E+11,1,Layer 3
4.68684E+11,4.68684E+11,1,Layer 2
4.09893E+11,4.09893E+11,1,Layer 2
4.10163E+11,4.10163E+11,1,Layer 2
4.38495E+11,4.38495E+11,2,Layer 3
4.08397E+11,4.08397E+11,1,Layer 2
4.03962E+11,4.03962E+11,2,Layer 3
4.42446E+11,4.42446E+11,2,Layer 3
4.44842E+11,4.44842E+11,2,Layer 2
4.09174E+11,4.09174E+11,2,Layer 3
6.35407E+11,2.9858E+11,2,Layer 3
4.45349E+11,4.45349E+11,2,Layer 3
4.7826E+11,4.7826E+11,2,Layer 3
4.41099E+11,4.41069E+11,2,Layer 3
4.46727E+11,4.46727E+11,1,Layer 2
4.09175E+11,4.09205E+11,1,Layer 2
3.98996E+11,3.98996E+11,2,Layer 2
3.71502E+11,3.71502E+11,2,Layer 3
3.75004E+11,3.75004E+11,2,Layer 2
6.35379E+11,6.3537E+11,2,Layer 2
3.3311E+11,3.3311E+11,1,Layer 3
3.05075E+11,3.05075E+11,2,Layer 3
4.43585E+11,4.43585E+11,2,Layer 2
4.52113E+11,4.52113E+11,2,Layer 3
4.03789E+11,4.03789E+11,2,Layer 2
4.12792E+11,4.12792E+11,2,Layer 4
4.75089E+11,4.75089E+11,1,Layer 3
4.41334E+11,4.41334E+11,2,Layer 4
3.73205E+11,3.73205E+11,2,Layer 3
3.71502E+11,3.71502E+11,2,Layer 3
2.25596E+11,2.25596E+11,2,Layer 4
3.70754E+11,6.35392E+11,1,Layer 2
47655103802,47655103801,1,Layer 3
4.37597E+11,4.37597E+11,2,Layer 3
1.24139E+11,1.24139E+11,2,Layer 2
3.70754E+11,3.70754E+11,2,Layer 3
4.49598E+11,4.49598E+11,2,Layer 3
1.17165E+11,1.17165E+11,1,Layer 2
6.35378E+11,5.15517E+11,1,Layer 2
45739805226,45739805224,1,Layer 2
4.37477E+11,4.37477E+11,1,Layer 3
6.35396E+11,3.36104E+11,2,Layer 3
53103080478,53103063136,2,Layer 3
2.96662E+11,2.96662E+11,2,Layer 3
4.0495E+11,4.0495E+11,2,Layer 3
3.74825E+11,3.74825E+11,2,Layer 3
4.15696E+11,4.15696E+11,2,Layer 3
4.39063E+11,4.39063E+11,1,Layer 3
4.0549E+11,4.0549E+11,2,Layer 3
3.76076E+11,3.76076E+11,2,Layer 4
42567889259,42567889260,2,Layer 2
3.80056E+11,3.80056E+11,2,Layer 5
4.05427E+11,4.05427E+11,2,Layer 4
4.82244E+11,4.82244E+11,1,Layer 3
4.40112E+11,4.40112E+11,1,Layer 3
5.07882E+11,5.07882E+11,2,Layer 3
5.16502E+11,5.16502E+11,2,Layer 3
5.17851E+11,5.17851E+11,2,Layer 3
3.01302E+11,3.01302E+11,2,Layer 3
4.03309E+11,4.03309E+11,1,Layer 2
3.67821E+11,3.67821E+11,2,Layer 2
3.66262E+11,3.66262E+11,2,Layer 3
4.12369E+11,4.12369E+11,2,Layer 5
3.74226E+11,6.35409E+11,1,Layer 3
4.05971E+11,4.05971E+11,2,Layer 3
49211495189,49211495191,1,Layer 3
3.74556E+11,3.74556E+11,1,Layer 2
5.52077E+11,5.52077E+11,2,Layer 4
77276745574,77276745573,2,Layer 2
3.76735E+11,3.76735E+11,2,Layer 4
2.66447E+11,2.66447E+11,2,Layer 3
4.40771E+11,4.40771E+11,1,Layer 2
2.31678E+11,2.31678E+11,1,Layer 2
3.76911E+11,3.76911E+11,2,Layer 5
4.71736E+11,4.71736E+11,1,Layer 3
4.47744E+11,4.47744E+11,1,Layer 3
4.48524E+11,4.48524E+11,1,Layer 2
6.35383E+11,6.35413E+11,1,Layer 2
3.75417E+11,3.75417E+11,2,Layer 5
3.04269E+11,3.04269E+11,1,Layer 3
1.24167E+11,1.24167E+11,2,Layer 3
2.66178E+11,2.66178E+11,2,Layer 2
3.76231E+11,3.76231E+11,2,Layer 3
3.67669E+11,3.67669E+11,1,Layer 3
3.40258E+11,3.40258E+11,2,Layer 5
4.71827E+11,4.71827E+11,2,Layer 2
3.34607E+11,3.34607E+11,2,Layer 3
4.7991E+11,4.7991E+11,2,Layer 2
4.44304E+11,4.44304E+11,1,Layer 2
5.10005E+11,5.10005E+11,2,Layer 3
4.82185E+11,4.82185E+11,1,Layer 3
4.09324E+11,4.09324E+11,2,Layer 2
82543093008,82543093009,1,Layer 3
89728761016,89728761015,1,Layer 2
3.80721E+11,3.80721E+11,1,Layer 2
3.71264E+11,3.71264E+11,1,Layer 2
3.77247E+11,6.3539E+11,2,Layer 3
4.40202E+11,6.35402E+11,2,Layer 2
1.20007E+11,6.35378E+11,1,Layer 3
3.28888E+11,3.28888E+11,1,Layer 3
78534195031,78534195032,1,Layer 2
3.73893E+11,3.73893E+11,2,Layer 3
4.76796E+11,4.76796E+11,1,Layer 3
84728850560,84728850561,1,Layer 3
3.29668E+11,3.29668E+11,1,Layer 3
47415450926,47415450925,1,Layer 3
4.01867E+11,4.01867E+11,2,Layer 3
3.02263E+11,3.02263E+11,2,Layer 3
5.44807E+11,5.44807E+11,2,Layer 3
3.03547E+11,3.03547E+11,2,Layer 4
4.1333E+11,4.1333E+11,2,Layer 4
2.62851E+11,2.62851E+11,2,Layer 3
3.98369E+11,3.98369E+11,2,Layer 2
4.75331E+11,4.75331E+11,2,Layer 2
4.80929E+11,6.35384E+11,1,Layer 2
2.57047E+11,2.57047E+11,1,Layer 2
4.06243E+11,4.06243E+11,1,Layer 2
4.07372E+11,4.07372E+11,2,Layer 4
4.42567E+11,6.35409E+11,2,Layer 2
5.06358E+11,5.06358E+11,2,Layer 2
4.05308E+11,4.05308E+11,2,Layer 4
2.67226E+11,6.35381E+11,1,Layer 2
4.02051E+11,4.02051E+11,1,Layer 2
4.02918E+11,4.02918E+11,1,Layer 3
4.35888E+11,4.35888E+11,1,Layer 3
3.76709E+11,3.76709E+11,2,Layer 3
4.10611E+11,4.10611E+11,1,Layer 2
3.68477E+11,3.68477E+11,1,Layer 3
3.34218E+11,3.34218E+11,2,Layer 3
3.74347E+11,3.74347E+11,1,Layer 2
4.76376E+11,6.35395E+11,1,Layer 3
4.44632E+11,4.44632E+11,1,Layer 3
4.40471E+11,4.40471E+11,2,Layer 3
4.72995E+11,4.72995E+11,1,Layer 2
4.81464E+11,4.81464E+11,2,Layer 3
4.75599E+11,4.75599E+11,1,Layer 2
4.05309E+11,4.05309E+11,2,Layer 3
3.76762E+11,3.76762E+11,2,Layer 5
4.10998E+11,4.10998E+11,2,Layer 3
4.35171E+11,4.35171E+11,2,Layer 3
4.09803E+11,4.09803E+11,1,Layer 3
6.35375E+11,6.35385E+11,2,Layer 4
4.16085E+11,4.16085E+11,2,Layer 3
78085244684,78085244685,2,Layer 2
4.50254E+11,4.50254E+11,2,Layer 4
3.80391E+11,6.35392E+11,2,Layer 3
6.354E+11,6.35386E+11,2,Layer 4
4.41008E+11,4.41008E+11,1,Layer 3
3.78176E+11,3.78176E+11,2,Layer 3
4.46309E+11,4.46309E+11,2,Layer 2
4.41099E+11,4.41069E+11,1,Layer 3
4.43641E+11,4.43641E+11,2,Layer 3
4.42387E+11,4.42387E+11,1,Layer 2
4.43406E+11,4.43406E+11,1,Layer 2
53729516837,53729516838,2,Layer 3
4.40562E+11,4.40562E+11,2,Layer 2
4.03277E+11,4.03277E+11,1,Layer 3
3.71293E+11,3.71293E+11,1,Layer 2
4.43641E+11,4.43641E+11,2,Layer 3
3.68329E+11,3.68329E+11,1,Layer 3
3.68028E+11,3.68028E+11,2,Layer 3
4.75119E+11,4.75119E+11,1,Layer 3
6.35392E+11,6.35402E+11,2,Layer 2
4.41038E+11,4.41038E+11,1,Layer 3
3.6884E+11,3.6884E+11,1,Layer 2
3.67312E+11,6.35397E+11,2,Layer 2
4.4155E+11,4.4155E+11,2,Layer 2
3.01665E+11,3.01665E+11,2,Layer 2
15100280136,15100280137,1,Layer 3
6.3539E+11,78085244680,2,Layer 2
3.3257E+11,3.3257E+11,2,Layer 3
3.34572E+11,3.34572E+11,2,Layer 4
3.00228E+11,3.00228E+11,2,Layer 3
4.7554E+11,4.7554E+11,1,Layer 2
3.31314E+11,3.31314E+11,2,Layer 3
4.03783E+11,4.03783E+11,2,Layer 3
5.14201E+11,5.14201E+11,1,Layer 2
4.3634E+11,4.3634E+11,2,Layer 2
3.40923E+11,3.40923E+11,1,Layer 3
1.26773E+11,1.26773E+11,2,Layer 2
2.99653E+11,2.99653E+11,2,Layer 4
3.67251E+11,3.67251E+11,1,Layer 3
4.74132E+11,4.74132E+11,2,Layer 3
6.35406E+11,6.35375E+11,2,Layer 2
6.35377E+11,4.75114E+11,2,Layer 4
4.76554E+11,4.76554E+11,2,Layer 3
4.10013E+11,6.35385E+11,1,Layer 2
3.64615E+11,6.35401E+11,1,Layer 3
3.26826E+11,3.26826E+11,2,Layer 2
6.35393E+11,4.10313E+11,1,Layer 2
4.7497E+11,4.7497E+11,1,Layer 3
4.06061E+11,4.06061E+11,2,Layer 3
4.75957E+11,4.75957E+11,1,Layer 3
4.46578E+11,4.46578E+11,1,Layer 2
4.43314E+11,4.43314E+11,2,Layer 3
4.39152E+11,4.39152E+11,2,Layer 3
6.35375E+11,4.06121E+11,2,Layer 3
5.15517E+11,5.15517E+11,1,Layer 2
42837065385,42837065384,2,Layer 2
4.36338E+11,4.36338E+11,2,Layer 3
2.31678E+11,2.31678E+11,1,Layer 2
4.40949E+11,4.40949E+11,1,Layer 3
4.37627E+11,4.37627E+11,2,Layer 3
5.11418E+11,5.11418E+11,2,Layer 2
3.70031E+11,3.70001E+11,2,Layer 3
4.45708E+11,6.35376E+11,2,Layer 3
4.42651E+11,4.42651E+11,2,Layer 4
4.43735E+11,4.43735E+11,2,Layer 2
4.05517E+11,4.05487E+11,2,Layer 4
4.06954E+11,4.06954E+11,2,Layer 4
5.05342E+11,5.05342E+11,1,Layer 1
3.40474E+11,3.40474E+11,2,Layer 3
4.75811E+11,4.75811E+11,1,Layer 2
4.05163E+11,4.05193E+11,2,Layer 3
3.28682E+11,3.28682E+11,2,Layer 2
6.35403E+11,4.4583E+11,1,Layer 2
2.98132E+11,2.98132E+11,2,Layer 3
2.99449E+11,2.99449E+11,1,Layer 3
3.34188E+11,3.34188E+11,2,Layer 3
6.35407E+11,3.71562E+11,2,Layer 2
2.66028E+11,2.66028E+11,2,Layer 2
2.95554E+11,2.95554E+11,1,Layer 3
4.38737E+11,4.38737E+11,2,Layer 2
4.11896E+11,4.11896E+11,2,Layer 3
4.4173E+11,4.4173E+11,1,Layer 2
3.74019E+11,3.74019E+11,2,Layer 2
2.61805E+11,2.61805E+11,2,Layer 3
4.77397E+11,4.77397E+11,2,Layer 2
4.77724E+11,4.77724E+11,1,Layer 3
4.81643E+11,6.35413E+11,2,Layer 3
2.67196E+11,2.67196E+11,1,Layer 2
3.36585E+11,3.36585E+11,2,Layer 2
3.70957E+11,3.70957E+11,2,Layer 4
84369822033,84369822034,1,Layer 3
3.02981E+11,3.02981E+11,2,Layer 3
4.47626E+11,4.47626E+11,2,Layer 2
3.74377E+11,3.74377E+11,1,Layer 2
4.86793E+11,4.86793E+11,2,Layer 3
4.7542E+11,4.7542E+11,1,Layer 2
3.67791E+11,3.67791E+11,1,Layer 2
4.133E+11,4.133E+11,2,Layer 4
3.73747E+11,6.35377E+11,2,Layer 2
4.44662E+11,4.44662E+11,1,Layer 3
2.67256E+11,2.67256E+11,1,Layer 2
3.3736E+11,3.3736E+11,2,Layer 3
16957711231,16957711232,2,Layer 3
4.39186E+11,4.39186E+11,1,Layer 2
4.38974E+11,4.38974E+11,1,Layer 3
4.81134E+11,4.81134E+11,2,Layer 3
3.72037E+11,3.72037E+11,2,Layer 4
4.38737E+11,4.38737E+11,2,Layer 2
4.43552E+11,4.43552E+11,2,Layer 3
4.464E+11,4.464E+11,2,Layer 2
47144818661,47144818666,1,Layer 3
4.46181E+11,4.46181E+11,2,Layer 5
6.35385E+11,4.02441E+11,2,Layer 2
4.05312E+11,4.05312E+11,2,Layer 3
3.40742E+11,3.40742E+11,2,Layer 3
4.10073E+11,4.10073E+11,1,Layer 2
3.76223E+11,3.76223E+11,2,Layer 5
3.71174E+11,3.71174E+11,1,Layer 2
86136308464,86136308465,1,Layer 3
3.39398E+11,3.39398E+11,2,Layer 2
5.12819E+11,5.12819E+11,2,Layer 3
4.05337E+11,4.05337E+11,2,Layer 4
4.82331E+11,4.82331E+11,2,Layer 3
4.03783E+11,4.03783E+11,2,Layer 3
4.12103E+11,4.12103E+11,2,Layer 4
3.74162E+11,3.74162E+11,2,Layer 4
5.16144E+11,6.35415E+11,2,Layer 3
4.05672E+11,4.05672E+11,2,Layer 3
4.42896E+11,4.42896E+11,2,Layer 2
3.62581E+11,3.62581E+11,2,Layer 2
4.47356E+11,4.47356E+11,2,Layer 3
3.71052E+11,3.71052E+11,2,Layer 3
6.35374E+11,6.35402E+11,2,Layer 5
3.66796E+11,3.66796E+11,2,Layer 3
4.04229E+11,4.04229E+11,2,Layer 4
5.55966E+11,5.55966E+11,2,Layer 5
5.48246E+11,5.48246E+11,2,Layer 3
4.04229E+11,4.04229E+11,2,Layer 4
4.81405E+11,6.35399E+11,2,Layer 3
5.12551E+11,5.12551E+11,2,Layer 3
5.52288E+11,5.52288E+11,2,Layer 3
4.46507E+11,4.46507E+11,2,Layer 5
4.04229E+11,4.04229E+11,2,Layer 4
3.37113E+11,3.37113E+11,2,Layer 5
3.76319E+11,3.76319E+11,2,Layer 3
4.10311E+11,4.10281E+11,2,Layer 3
4.4023E+11,4.4023E+11,2,Layer 3
3.71559E+11,3.71559E+11,2,Layer 3
4.52142E+11,4.52142E+11,2,Layer 3
4.82573E+11,4.82573E+11,2,Layer 3
2.63241E+11,2.63241E+11,2,Layer 3
3.75413E+11,6.354E+11,2,Layer 5
5.17188E+11,5.17188E+11,2,Layer 4
2.37513E+11,6.35389E+11,2,Layer 3
1.30029E+11,1.30029E+11,2,Layer 4
4.85799E+11,4.85799E+11,2,Layer 5
6.22986E+11,6.22986E+11,2,Layer 5
4.4876E+11,4.4876E+11,2,Layer 3
2.70092E+11,2.70092E+11,2,Layer 5
4.48162E+11,4.48162E+11,2,Layer 3
2.28885E+11,2.28885E+11,2,Layer 5
3.36068E+11,3.36068E+11,2,Layer 4
6.35405E+11,6.35415E+11,2,Layer 5
5.13087E+11,5.13087E+11,2,Layer 4
4.51151E+11,4.51151E+11,2,Layer 5
1.19133E+11,6.35379E+11,2,Layer 4
14861407486,14861407487,1,Layer 3
43164473084,43164473085,1,Layer 2
4.43944E+11,4.43944E+11,1,Layer 3
5.15217E+11,5.15217E+11,1,Layer 3
3.66114E+11,3.66114E+11,1,Layer 2
1.20875E+11,1.20875E+11,1,Layer 3
3.31763E+11,3.31763E+11,1,Layer 3
4.72966E+11,4.72966E+11,1,Layer 2
4.82574E+11,4.82574E+11,1,Layer 2
1.28627E+11,1.28627E+11,1,Layer 3
58250901725,58250901726,1,Layer 3
2.69464E+11,2.69464E+11,1,Layer 4
6.35385E+11,3.41246E+11,1,Layer 5
4.45378E+11,6.35396E+11,1,Layer 3
4.12104E+11,4.12104E+11,1,Layer 4
3.76646E+11,3.76646E+11,1,Layer 4
3.75213E+11,3.75213E+11,1,Layer 3
1.24706E+11,1.24706E+11,1,Layer 3
3.71289E+11,3.71289E+11,1,Layer 3
4.11984E+11,4.11984E+11,1,Layer 4
3.38977E+11,3.38977E+11,1,Layer 3
4.04831E+11,4.04831E+11,1,Layer 3
3.71289E+11,3.71289E+11,1,Layer 3
5.12909E+11,5.12909E+11,1,Layer 3
3.01035E+11,3.01035E+11,1,Layer 3
6.35379E+11,6.35395E+11,1,Layer 3
4.08096E+11,4.08096E+11,1,Layer 3
3.43853E+11,3.43853E+11,1,Layer 3
4.47798E+11,4.47798E+11,1,Layer 5
4.15755E+11,4.15755E+11,1,Layer 4
3.41156E+11,3.41186E+11,1,Layer 5
3.41156E+11,3.41156E+11,1,Layer 5
4.78172E+11,4.78172E+11,1,Layer 3
3.05283E+11,3.05283E+11,1,Layer 3
4.11776E+11,4.11776E+11,1,Layer 3
3.43166E+11,3.43166E+11,1,Layer 3
4.12432E+11,4.12432E+11,1,Layer 4
4.46901E+11,4.46901E+11,1,Layer 4
3.38196E+11,3.38196E+11,1,Layer 4
3.756E+11,3.756E+11,2,Layer 3
4.76792E+11,4.76792E+11,2,Layer 3
5.83165E+11,5.83165E+11,2,Layer 3
3.79188E+11,3.79188E+11,2,Layer 5
5.20066E+11,5.20066E+11,2,Layer 3
4.81668E+11,4.81668E+11,2,Layer 5
4.13123E+11,4.13123E+11,2,Layer 3
4.41634E+11,4.41634E+11,2,Layer 4
3.74585E+11,6.35385E+11,2,Layer 3
4.07675E+11,4.07675E+11,2,Layer 3
4.06237E+11,4.06237E+11,2,Layer 3
3.38193E+11,3.38193E+11,2,Layer 5
3.65005E+11,3.65005E+11,1,Layer 3
4.72666E+11,4.72666E+11,1,Layer 2
78711906403,78711906402,1,Layer 2
6.35378E+11,3.32122E+11,1,Layer 3
4.07021E+11,4.07021E+11,1,Layer 2
1.60164E+11,1.60164E+11,1,Layer 3
3.64168E+11,3.64168E+11,1,Layer 2
4.37358E+11,4.37358E+11,1,Layer 2
4.14712E+11,4.14712E+11,1,Layer 2
4.01449E+11,6.3537E+11,1,Layer 3
3.00288E+11,3.00288E+11,1,Layer 2
4.0729E+11,6.35389E+11,1,Layer 2
4.46544E+11,4.46544E+11,2,Layer 4
6.35419E+11,4.13424E+11,2,Layer 3
58068787010,58068804332,2,Layer 3
3.42745E+11,6.35378E+11,2,Layer 4
3.7593E+11,3.7593E+11,2,Layer 3
3.70688E+11,3.70688E+11,2,Layer 4
3.70121E+11,3.70121E+11,2,Layer 3
3.38319E+11,3.38319E+11,2,Layer 3
2.62971E+11,2.62971E+11,2,Layer 3
4.08989E+11,4.08989E+11,2,Layer 4
5.46687E+11,5.46687E+11,2,Layer 4
4.8167E+11,4.8167E+11,1,Layer 4
6.35417E+11,6.35373E+11,1,Layer 3
4.46904E+11,4.46904E+11,1,Layer 3
4.46394E+11,4.46394E+11,1,Layer 4
3.7943E+11,3.7943E+11,1,Layer 4
3.79789E+11,3.79789E+11,1,Layer 4
3.76376E+11,3.76376E+11,1,Layer 4
3.78262E+11,3.78262E+11,1,Layer 4
1.6106E+11,1.6106E+11,1,Layer 3
5.88641E+11,5.88641E+11,1,Layer 4
4.4795E+11,4.4795E+11,1,Layer 4
14770688139,6.35393E+11,1,Layer 3
4.80866E+11,4.80866E+11,1,Layer 3
3.44334E+11,3.44334E+11,1,Layer 3
6.35389E+11,4.41246E+11,1,Layer 3
4.87929E+11,4.87929E+11,1,Layer 3
5.15785E+11,5.15785E+11,1,Layer 3
2.62614E+11,2.62614E+11,1,Layer 3
2.9849E+11,2.9849E+11,1,Layer 3
4.37957E+11,4.37957E+11,1,Layer 2
82003683356,82003683359,1,Layer 3
4.76796E+11,4.76796E+11,2,Layer 3
4.37805E+11,4.37805E+11,2,Layer 3
3.34187E+11,3.34187E+11,2,Layer 3
4.063E+11,4.063E+11,2,Layer 3
53610851912,53610851921,2,Layer 3
3.33768E+11,3.33768E+11,2,Layer 3
3.33858E+11,3.33858E+11,2,Layer 3
5.44538E+11,5.44538E+11,2,Layer 2
5.1264E+11,6.35375E+11,2,Layer 3
2.59949E+11,2.59949E+11,2,Layer 3
3.30296E+11,3.30296E+11,2,Layer 3
1.21235E+11,1.21235E+11,2,Layer 3
4.01899E+11,4.01899E+11,2,Layer 3
5.88581E+11,5.88581E+11,1,Layer 4
4.46751E+11,4.46751E+11,1,Layer 4
4.02975E+11,4.02975E+11,1,Layer 3
2.98818E+11,2.98818E+11,1,Layer 3
4.50915E+11,4.50915E+11,1,Layer 3
3.76376E+11,3.76376E+11,1,Layer 4
1.27458E+11,1.27458E+11,1,Layer 3
3.80058E+11,3.80058E+11,1,Layer 4
2.68807E+11,2.68807E+11,1,Layer 4
3.04413E+11,3.04413E+11,1,Layer 4
4.76642E+11,4.76642E+11,1,Layer 4
4.48458E+11,4.48458E+11,1,Layer 4
81255080248,81255080249,2,Layer 3
1.6172E+11,1.6172E+11,2,Layer 3
4.48521E+11,4.48521E+11,2,Layer 3
6.35372E+11,6.35405E+11,2,Layer 3
4.02677E+11,4.02677E+11,2,Layer 3
5.16891E+11,5.16891E+11,2,Layer 3
4.49239E+11,4.49239E+11,2,Layer 3
53491458898,53521380830,2,Layer 3
2.98851E+11,2.98851E+11,2,Layer 3
4.11957E+11,4.11957E+11,2,Layer 3
4.09742E+11,4.09742E+11,2,Layer 3
3.75093E+11,3.75093E+11,2,Layer 3
5.10666E+11,5.10666E+11,2,Layer 3
3.69191E+11,6.35388E+11,2,Layer 4
4.14798E+11,4.14798E+11,2,Layer 3
4.07374E+11,6.35408E+11,2,Layer 4
5.55969E+11,5.55969E+11,2,Layer 4
5.13147E+11,5.13147E+11,2,Layer 4
3.37956E+11,3.37956E+11,2,Layer 4
2.33261E+11,2.33261E+11,2,Layer 3
3.02798E+11,3.02798E+11,2,Layer 4
3.76437E+11,3.76437E+11,2,Layer 4
4.16445E+11,6.35373E+11,2,Layer 3
1.22216E+11,1.22216E+11,2,Layer 4
3.02409E+11,6.35387E+11,2,Layer 3
3.72213E+11,3.72213E+11,2,Layer 5
4.42684E+11,4.42684E+11,1,Layer 3
4.45081E+11,4.45081E+11,1,Layer 3
5.54803E+11,6.35382E+11,2,Layer 3
15010323616,15010323615,1,Layer 3
2.92236E+11,2.92236E+11,1,Layer 2
4.05343E+11,4.05343E+11,1,Layer 3
15486040783,15486040782,1,Layer 4
4.11747E+11,4.11747E+11,2,Layer 3
3.34038E+11,3.34008E+11,1,Layer 3
1.23415E+11,1.23415E+11,2,Layer 4
4.07287E+11,4.07287E+11,2,Layer 3
4.35592E+11,4.35592E+11,1,Layer 2
6.35372E+11,4.48699E+11,2,Layer 4
4.51245E+11,4.51245E+11,1,Layer 3
4.10907E+11,4.10907E+11,1,Layer 3
5.43222E+11,5.43222E+11,1,Layer 2
4.8667E+11,4.8667E+11,2,Layer 4
3.68239E+11,3.68239E+11,1,Layer 3
3.66832E+11,3.66832E+11,2,Layer 3
3.35559E+11,6.35412E+11,2,Layer 4
4.03633E+11,4.03603E+11,1,Layer 3
1.28744E+11,6.35381E+11,2,Layer 3
3.71319E+11,3.71319E+11,1,Layer 3
2.73509E+11,2.73509E+11,1,Layer 3
4.46067E+11,6.3541E+11,1,Layer 3
4.49629E+11,4.49629E+11,1,Layer 3
4.11927E+11,4.11927E+11,2,Layer 3
4.50044E+11,4.50044E+11,2,Layer 4
5.44149E+11,5.44149E+11,2,Layer 3
3.39242E+11,3.39242E+11,1,Layer 4
4.13723E+11,4.13723E+11,1,Layer 3
4.37716E+11,4.37716E+11,1,Layer 3
4.3598E+11,4.3598E+11,1,Layer 2
4.06237E+11,4.06237E+11,2,Layer 3
4.4337E+11,4.4334E+11,2,Layer 4
5.85677E+11,6.35419E+11,2,Layer 4
3.30266E+11,3.30266E+11,2,Layer 3
4.11717E+11,4.11717E+11,2,Layer 3
5.13866E+11,5.13866E+11,2,Layer 4
85238112915,85238112916,1,Layer 3
4.76763E+11,4.76763E+11,1,Layer 3
4.84279E+11,4.84279E+11,1,Layer 3
5.5001E+11,5.5001E+11,2,Layer 4
3.74464E+11,3.74464E+11,1,Layer 3
4.49357E+11,4.49357E+11,2,Layer 4
3.41937E+11,3.41937E+11,1,Layer 4
4.45917E+11,4.45917E+11,1,Layer 3
3.34337E+11,3.34307E+11,2,Layer 3
3.65873E+11,3.65873E+11,2,Layer 3
4.47831E+11,4.47831E+11,2,Layer 3
3.38378E+11,6.3541E+11,2,Layer 3
3.77124E+11,3.77124E+11,1,Layer 4
4.11086E+11,4.11086E+11,1,Layer 4
5.16625E+11,5.16625E+11,1,Layer 2
3.39752E+11,6.35377E+11,2,Layer 4
82512495056,82512495057,1,Layer 3
3.66412E+11,3.66412E+11,2,Layer 3
4.37685E+11,4.37685E+11,1,Layer 3
4.0414E+11,4.0414E+11,2,Layer 4
88856153423,88856153422,2,Layer 4
4.46545E+11,4.46545E+11,1,Layer 3
4.72726E+11,4.72726E+11,1,Layer 2
4.0169E+11,4.0169E+11,2,Layer 3
5.54743E+11,5.54743E+11,2,Layer 3
3.71349E+11,3.71349E+11,1,Layer 3
4.42501E+11,4.42501E+11,2,Layer 4
3.42685E+11,6.35403E+11,1,Layer 4
4.02613E+11,4.02613E+11,2,Layer 3
4.11957E+11,4.11957E+11,2,Layer 3
4.49509E+11,4.49509E+11,1,Layer 3
4.76281E+11,4.76281E+11,2,Layer 4
3.41638E+11,3.41638E+11,2,Layer 4
2.65248E+11,2.65248E+11,1,Layer 3
4.74814E+11,4.74814E+11,2,Layer 4
4.05369E+11,4.05369E+11,2,Layer 3
4.85918E+11,4.85918E+11,2,Layer 5
4.77306E+11,4.77306E+11,2,Layer 2
4.0396E+11,4.0396E+11,2,Layer 4
5.81672E+11,5.81672E+11,2,Layer 3
1.23749E+11,1.23749E+11,1,Layer 3
3.70394E+11,3.70394E+11,2,Layer 3
4.06988E+11,4.06988E+11,1,Layer 3
88318720112,88318720113,1,Layer 3
3.70569E+11,3.70569E+11,2,Layer 4
4.49208E+11,4.49208E+11,2,Layer 3
83173308623,83173308624,2,Layer 2
4.51511E+11,4.51511E+11,2,Layer 4
3.69705E+11,3.69705E+11,2,Layer 3
10669631964,10669631963,1,Layer 3
12763959479,6.35378E+11,1,Layer 3
2.59889E+11,2.59889E+11,2,Layer 3
4.12014E+11,4.12014E+11,1,Layer 4
6.35408E+11,83293395181,1,Layer 2
3.73229E+11,3.73229E+11,2,Layer 5
4.113E+11,4.1133E+11,1,Layer 3
4.47475E+11,4.47475E+11,2,Layer 3
1.25033E+11,1.25033E+11,1,Layer 3
4.03783E+11,4.03783E+11,1,Layer 3
4.11987E+11,4.11987E+11,2,Layer 3
4.08272E+11,4.08272E+11,1,Layer 4
2.68746E+11,2.68746E+11,1,Layer 4
3.42207E+11,3.42207E+11,2,Layer 4
3.75842E+11,3.75842E+11,1,Layer 3
3.71198E+11,3.71198E+11,2,Layer 4
5.1608E+11,5.1608E+11,2,Layer 4
3.80749E+11,3.80749E+11,2,Layer 3
3.03093E+11,3.03093E+11,2,Layer 5
4.84218E+11,4.84218E+11,2,Layer 3
4.4915E+11,4.4915E+11,2,Layer 3
3.72666E+11,3.72666E+11,2,Layer 3
3.34482E+11,3.34482E+11,2,Layer 4
1.97505E+11,1.97505E+11,2,Layer 3
4.10907E+11,4.10907E+11,2,Layer 3
50166535419,50166535421,2,Layer 3
3.69854E+11,6.35397E+11,2,Layer 3
1.24317E+11,1.24317E+11,1,Layer 3
4.06237E+11,6.3539E+11,2,Layer 3
3.80088E+11,3.80088E+11,1,Layer 4
1.24822E+11,1.24822E+11,2,Layer 4
3.39186E+11,3.39186E+11,1,Layer 3
3.7614E+11,3.7614E+11,2,Layer 3
3.35742E+11,3.35742E+11,1,Layer 3
4.12074E+11,4.12074E+11,1,Layer 4
4.85592E+11,5.21259E+11,2,Layer 4
4.15817E+11,4.15817E+11,2,Layer 3
2.73479E+11,2.73479E+11,1,Layer 3
3.33824E+11,3.33824E+11,2,Layer 4
80385628123,80385628124,1,Layer 3
3.73176E+11,3.73176E+11,2,Layer 3
4.46634E+11,4.46634E+11,2,Layer 3
3.7958E+11,3.7958E+11,2,Layer 3
3.79759E+11,3.79759E+11,1,Layer 3
2.64379E+11,2.64379E+11,2,Layer 3
4.47593E+11,4.47593E+11,1,Layer 3
4.75152E+11,4.75152E+11,1,Layer 2
2.99985E+11,2.99985E+11,2,Layer 3
4.14082E+11,4.14082E+11,1,Layer 3
4.13723E+11,4.13723E+11,2,Layer 3
3.30296E+11,3.30296E+11,2,Layer 3
3.66021E+11,3.66021E+11,1,Layer 3
4.35412E+11,4.35412E+11,1,Layer 2
4.13003E+11,4.13003E+11,1,Layer 3
4.1061E+11,4.1061E+11,1,Layer 3
3.78865E+11,3.78865E+11,1,Layer 3
2.73509E+11,6.35373E+11,1,Layer 3
4.43376E+11,4.43376E+11,1,Layer 2
3.39217E+11,3.39217E+11,2,Layer 3
4.39659E+11,4.39659E+11,2,Layer 3
3.72787E+11,3.72787E+11,2,Layer 3
12557452999,12557453000,2,Layer 3
4.07015E+11,4.07015E+11,1,Layer 3
1.16771E+11,6.3541E+11,2,Layer 3
1.59175E+11,6.35411E+11,1,Layer 3
3.34574E+11,3.34574E+11,1,Layer 3
5.20245E+11,5.20245E+11,1,Layer 3
2.68988E+11,6.35417E+11,2,Layer 3
1.20216E+11,1.20216E+11,1,Layer 3
1.65277E+11,1.65277E+11,1,Layer 4
4.4777E+11,4.4777E+11,2,Layer 4
3.74585E+11,3.74585E+11,2,Layer 3
3.00317E+11,6.35396E+11,1,Layer 3
4.45828E+11,4.45828E+11,2,Layer 3
4.48311E+11,4.48311E+11,1,Layer 3
4.14737E+11,6.35398E+11,2,Layer 4
3.0229E+11,3.0229E+11,1,Layer 4
4.15545E+11,4.15545E+11,2,Layer 4
4.46188E+11,4.46188E+11,1,Layer 3
4.46067E+11,4.46067E+11,2,Layer 3
3.77604E+11,3.77604E+11,2,Layer 4
4.81405E+11,4.81405E+11,2,Layer 3
5.83738E+11,5.83738E+11,2,Layer 3
4.12406E+11,4.12406E+11,2,Layer 3
6.35372E+11,5.52916E+11,2,Layer 3
3.40413E+11,3.40413E+11,2,Layer 3
1.61479E+11,1.61509E+11,1,Layer 3
4.83979E+11,4.83979E+11,1,Layer 3
4.40471E+11,4.40471E+11,2,Layer 2
2.60905E+11,2.60905E+11,1,Layer 3
5.10515E+11,5.10515E+11,2,Layer 3
3.67341E+11,3.67341E+11,1,Layer 3
2.62583E+11,2.62583E+11,1,Layer 3
3.71679E+11,3.71679E+11,2,Layer 3
1.20367E+11,6.35376E+11,1,Layer 3
6.35393E+11,5.55102E+11,2,Layer 3
5.19344E+11,5.19344E+11,1,Layer 4
6.35381E+11,4.11747E+11,2,Layer 3
4.37835E+11,4.37835E+11,2,Layer 3
5.20903E+11,5.20903E+11,1,Layer 3
3.36821E+11,3.36791E+11,2,Layer 3
3.70808E+11,3.70808E+11,2,Layer 4
4.43405E+11,4.43405E+11,1,Layer 3
4.85203E+11,4.85203E+11,2,Layer 4
2.73509E+11,2.73509E+11,1,Layer 3
4.10311E+11,4.10311E+11,2,Layer 3
4.81316E+11,4.81316E+11,2,Layer 3
3.34334E+11,3.34334E+11,1,Layer 4
3.0528E+11,3.0528E+11,1,Layer 5
2.64945E+11,2.64945E+11,2,Layer 4
3.417E+11,3.417E+11,1,Layer 3
4.75269E+11,4.75269E+11,2,Layer 3
1.49119E+11,1.49119E+11,1,Layer 2
3.78925E+11,3.78925E+11,1,Layer 3
50466049560,50466049561,1,Layer 3
3.40947E+11,3.40947E+11,1,Layer 5
50315399674,50315399676,2,Layer 4
4.38584E+11,4.38584E+11,2,Layer 3
3.77336E+11,3.77336E+11,1,Layer 3
5.11056E+11,6.35379E+11,2,Layer 3
2.65123E+11,6.35406E+11,2,Layer 5
5.11172E+11,5.11172E+11,1,Layer 3
4.10372E+11,4.10372E+11,2,Layer 3
3.01156E+11,3.01156E+11,1,Layer 3
3.79164E+11,3.79164E+11,2,Layer 3
1.29521E+11,1.29521E+11,1,Layer 4
4.81493E+11,4.81493E+11,1,Layer 3
2.28383E+11,6.35373E+11,1,Layer 3
4.41428E+11,4.41428E+11,2,Layer 3
3.65605E+11,3.65576E+11,1,Layer 2
4.15548E+11,4.15548E+11,1,Layer 3
5.19463E+11,6.35398E+11,1,Layer 4
3.32121E+11,3.32121E+11,1,Layer 3
4.41698E+11,4.41698E+11,2,Layer 3
4.3604E+11,6.35387E+11,1,Layer 2
4.4663E+11,4.4663E+11,2,Layer 5
6.35409E+11,1.63274E+11,1,Layer 3
1.63904E+11,6.35384E+11,1,Layer 3
4.49E+11,4.49E+11,2,Layer 3
6.35409E+11,3.67249E+11,1,Layer 3
3.78026E+11,3.78026E+11,1,Layer 3
12557453002,12557453001,2,Layer 3
1.60193E+11,6.3539E+11,1,Layer 3
4.87628E+11,4.87628E+11,2,Layer 3
5.13119E+11,5.13119E+11,1,Layer 3
3.4469E+11,3.4469E+11,1,Layer 4
6.35406E+11,6.35385E+11,2,Layer 4
4.47261E+11,4.47261E+11,2,Layer 4
3.72546E+11,3.72546E+11,2,Layer 3
4.15187E+11,4.15187E+11,1,Layer 3
4.86105E+11,4.86105E+11,2,Layer 3
3.75599E+11,3.75599E+11,2,Layer 3
3.74761E+11,3.74761E+11,1,Layer 3
4.10371E+11,4.10371E+11,2,Layer 3
3.09531E+11,3.09531E+11,2,Layer 4
2.67484E+11,2.67484E+11,2,Layer 5
3.78028E+11,3.78028E+11,1,Layer 2
6.3537E+11,3.05342E+11,1,Layer 4
2.71622E+11,2.71622E+11,2,Layer 3
4.35502E+11,4.35502E+11,1,Layer 2
4.4385E+11,4.4385E+11,2,Layer 3
3.09501E+11,3.09501E+11,2,Layer 4
47416785849,47416785848,1,Layer 2
3.43465E+11,3.43465E+11,2,Layer 3
4.84845E+11,4.84845E+11,2,Layer 3
2.63032E+11,2.63032E+11,1,Layer 3
1.23241E+11,1.23241E+11,1,Layer 2
3.73174E+11,3.73174E+11,2,Layer 4
4.15488E+11,4.15488E+11,1,Layer 3
4.46035E+11,4.46035E+11,1,Layer 3
4.15308E+11,4.15308E+11,1,Layer 3
1.56781E+11,1.56781E+11,1,Layer 3
4.85087E+11,4.85087E+11,1,Layer 3
4.411E+11,4.411E+11,2,Layer 3
2.35983E+11,2.35983E+11,1,Layer 4
3.32662E+11,3.32662E+11,1,Layer 3
93854191554,93854191553,1,Layer 4
5.09975E+11,5.09975E+11,2,Layer 3
13660976066,13660976065,1,Layer 3
4.75032E+11,4.75032E+11,1,Layer 2
6.35378E+11,3.33138E+11,2,Layer 3
4.40382E+11,4.40382E+11,1,Layer 2
4.37178E+11,4.37178E+11,1,Layer 2
3.7527E+11,6.35409E+11,2,Layer 4
4.12585E+11,4.12585E+11,2,Layer 3
21744614474,21744631732,1,Layer 3
3.77695E+11,3.77695E+11,1,Layer 3
4.14801E+11,4.14801E+11,1,Layer 3
2.97953E+11,2.97953E+11,2,Layer 3
4.46397E+11,4.46397E+11,2,Layer 3
3.65516E+11,3.65486E+11,1,Layer 2
5.12732E+11,5.12732E+11,2,Layer 3
1.65579E+11,1.65579E+11,2,Layer 3
4.85203E+11,4.85203E+11,2,Layer 4
3.71888E+11,3.71888E+11,2,Layer 3
4.73893E+11,4.73893E+11,2,Layer 3
1.66413E+11,1.66413E+11,2,Layer 5
6.35377E+11,4.07611E+11,2,Layer 4
4.11056E+11,4.11056E+11,2,Layer 4
5.50221E+11,5.50221E+11,2,Layer 4
4.72424E+11,4.72424E+11,1,Layer 3
3.39366E+11,3.39366E+11,2,Layer 3
5.56718E+11,5.56718E+11,2,Layer 3
1.25033E+11,1.25033E+11,1,Layer 3
3.36247E+11,6.35379E+11,2,Layer 5
4.14707E+11,6.35386E+11,2,Layer 4
53371459080,6.35381E+11,2,Layer 3
4.38669E+11,4.38669E+11,2,Layer 3
3.04716E+11,3.04716E+11,2,Layer 3
2.64885E+11,2.64885E+11,1,Layer 4
3.66382E+11,3.66382E+11,2,Layer 3
1.60253E+11,1.60283E+11,1,Layer 3
3.75599E+11,3.75629E+11,2,Layer 3
4.12432E+11,4.12432E+11,1,Layer 4
4.80266E+11,4.80266E+11,2,Layer 3
6.35387E+11,3.70004E+11,1,Layer 3
4.10608E+11,4.10608E+11,2,Layer 3
3.29578E+11,3.29578E+11,2,Layer 3
2.73509E+11,2.73509E+11,1,Layer 3
4.41878E+11,4.41878E+11,1,Layer 3
3.70478E+11,3.70478E+11,2,Layer 4
1.49179E+11,1.49179E+11,1,Layer 2
1.221E+11,6.35397E+11,1,Layer 3
4.47828E+11,4.47828E+11,1,Layer 5
3.78775E+11,3.78775E+11,1,Layer 3
3.70841E+11,3.70841E+11,2,Layer 3
6.35387E+11,3.33138E+11,2,Layer 3
3.31728E+11,3.31728E+11,1,Layer 3
4.15485E+11,4.15485E+11,2,Layer 4
4.49685E+11,4.49685E+11,1,Layer 4
3.7952E+11,3.7952E+11,2,Layer 3
3.08455E+11,3.08455E+11,1,Layer 4
4.12883E+11,4.12883E+11,2,Layer 3
86971487534,86971487533,1,Layer 3
4.15519E+11,4.15548E+11,1,Layer 3
4.05732E+11,4.05732E+11,1,Layer 3
2.58662E+11,2.58662E+11,1,Layer 3
6.35398E+11,6.35385E+11,2,Layer 3
4.84576E+11,4.84576E+11,2,Layer 3
5.51033E+11,5.51033E+11,1,Layer 3
3.76405E+11,3.76405E+11,1,Layer 4
4.49779E+11,4.49809E+11,1,Layer 3
3.41579E+11,3.41579E+11,1,Layer 3
3.0241E+11,3.0241E+11,2,Layer 3
3.74973E+11,3.74973E+11,1,Layer 3
4.01301E+11,4.01301E+11,2,Layer 2
1.59205E+11,1.59205E+11,2,Layer 3
4.39062E+11,4.39062E+11,2,Layer 3
5.16921E+11,6.35392E+11,2,Layer 3
2.66206E+11,2.66206E+11,2,Layer 3
4.01389E+11,4.01389E+11,2,Layer 3
4.16237E+11,4.16237E+11,1,Layer 3
4.11056E+11,6.35401E+11,2,Layer 4
4.10401E+11,4.10401E+11,1,Layer 3
1.58728E+11,1.58728E+11,1,Layer 2
2.66296E+11,2.66296E+11,2,Layer 3
2.67131E+11,2.67131E+11,2,Layer 4
3.04598E+11,3.04598E+11,2,Layer 3
2.67848E+11,2.67848E+11,1,Layer 4
1.22609E+11,1.22609E+11,1,Layer 3
4.51544E+11,4.51544E+11,2,Layer 3
93854208915,93854208914,1,Layer 4
10729406533,10729406532,1,Layer 3
5.11381E+11,5.11381E+11,1,Layer 3
4.02078E+11,4.02078E+11,2,Layer 3
2.68028E+11,2.68028E+11,2,Layer 4
6.35399E+11,3.99866E+11,1,Layer 2
4.07611E+11,4.07611E+11,2,Layer 4
4.12762E+11,4.12762E+11,1,Layer 4
4.10281E+11,4.10281E+11,2,Layer 3
3.36068E+11,3.36068E+11,2,Layer 4
3.73744E+11,3.73744E+11,1,Layer 3
3.39097E+11,3.39097E+11,2,Layer 3
3.4017E+11,3.40199E+11,1,Layer 4
3.40769E+11,3.40769E+11,1,Layer 4
4.37745E+11,4.37745E+11,1,Layer 3
93439791856,93439791861,1,Layer 2
2.95284E+11,2.95284E+11,2,Layer 3
6.35371E+11,4.03873E+11,1,Layer 3
4.12943E+11,4.12943E+11,1,Layer 3
1.27221E+11,1.27221E+11,1,Layer 2
3.0636E+11,3.0636E+11,2,Layer 4
1.49179E+11,1.49179E+11,1,Layer 2
57170192825,57170192826,1,Layer 4
3.71319E+11,3.71349E+11,1,Layer 3
1.25033E+11,6.35411E+11,1,Layer 3
3.35116E+11,3.35116E+11,2,Layer 3
4.80888E+11,4.80888E+11,2,Layer 5
4.08092E+11,4.08092E+11,1,Layer 4
3.66084E+11,3.66084E+11,1,Layer 2
6.35379E+11,4.15546E+11,2,Layer 4
4.84487E+11,6.35383E+11,2,Layer 3
3.73236E+11,3.73236E+11,2,Layer 3
4.76281E+11,4.76281E+11,2,Layer 4
4.75418E+11,4.75418E+11,2,Layer 3
3.37267E+11,3.37267E+11,2,Layer 4
3.43137E+11,3.43137E+11,1,Layer 3
1.23121E+11,1.23121E+11,1,Layer 2
5.10669E+11,5.10669E+11,1,Layer 2
13754815859,13754815858,1,Layer 3
6.28587E+11,6.28587E+11,2,Layer 5
93345657346,93345657345,1,Layer 4
3.74705E+11,3.74705E+11,2,Layer 3
4.47261E+11,4.47261E+11,2,Layer 4
4.75144E+11,6.35386E+11,2,Layer 4
2.92206E+11,2.92206E+11,1,Layer 2
4.0663E+11,4.0663E+11,2,Layer 3
4.44722E+11,4.44722E+11,2,Layer 3
3.75959E+11,3.75959E+11,1,Layer 3
3.00282E+11,3.00282E+11,2,Layer 4
4.01359E+11,4.01359E+11,1,Layer 3
3.34903E+11,3.34903E+11,1,Layer 3
4.03513E+11,4.03513E+11,1,Layer 3
93407529590,93407529589,1,Layer 3
4.46933E+11,4.46933E+11,1,Layer 4
4.80207E+11,4.80207E+11,1,Layer 3
4.08482E+11,4.08482E+11,1,Layer 4
4.73798E+11,4.73798E+11,1,Layer 3
1.29342E+11,1.29342E+11,1,Layer 4
4.03394E+11,4.03394E+11,1,Layer 3
57560339466,57560356806,1,Layer 3
4.02795E+11,4.02795E+11,1,Layer 3
1.29223E+11,1.29223E+11,1,Layer 3
4.46843E+11,4.46843E+11,1,Layer 4
4.46749E+11,4.46749E+11,2,Layer 5
5.21976E+11,5.21976E+11,2,Layer 5
1.31076E+11,1.31076E+11,2,Layer 5
4.11296E+11,4.11296E+11,2,Layer 4
4.4612E+11,4.4612E+11,2,Layer 5
3.44658E+11,3.44658E+11,2,Layer 5
3.80116E+11,3.80116E+11,2,Layer 5
3.73529E+11,3.73529E+11,2,Layer 5
3.37325E+11,3.37355E+11,2,Layer 4
3.40709E+11,3.40709E+11,1,Layer 4
90144027629,90144027628,1,Layer 3
1.28775E+11,1.28775E+11,1,Layer 3
4.81074E+11,4.81074E+11,1,Layer 3
1.23085E+11,1.23085E+11,1,Layer 4
1.29462E+11,1.29462E+11,1,Layer 4
6.22842E+11,6.22842E+11,1,Layer 4
6.35374E+11,87388019659,1,Layer 4
3.77843E+11,3.77843E+11,1,Layer 4
4.4765E+11,4.4765E+11,1,Layer 4
4.7619E+11,4.7619E+11,1,Layer 4
5.17218E+11,5.17218E+11,1,Layer 4
4.76402E+11,4.76402E+11,2,Layer 4
3.04893E+11,3.04893E+11,2,Layer 4
3.81164E+11,3.81164E+11,2,Layer 4
4.86368E+11,4.86368E+11,2,Layer 5
4.84987E+11,4.84987E+11,2,Layer 6
1.67071E+11,1.67071E+11,2,Layer 5
4.48576E+11,4.48576E+11,2,Layer 5
59922698814,59922698813,2,Layer 4
3.74097E+11,3.74097E+11,2,Layer 5
3.79277E+11,3.79277E+11,2,Layer 5
5.156E+11,6.35385E+11,2,Layer 4
6.35376E+11,4.88644E+11,2,Layer 4
3.38827E+11,3.38827E+11,2,Layer 3
4.47022E+11,4.47022E+11,2,Layer 4
5.13657E+11,5.13657E+11,2,Layer 3
3.3559E+11,6.3538E+11,2,Layer 4
4.06894E+11,4.06894E+11,2,Layer 4
3.43613E+11,6.35372E+11,2,Layer 4
4.42622E+11,4.42622E+11,2,Layer 4
4.46723E+11,4.46723E+11,2,Layer 4
4.41004E+11,4.41004E+11,2,Layer 4
5.19136E+11,5.19136E+11,2,Layer 3
6.35376E+11,4.47889E+11,2,Layer 4
3.76826E+11,3.76826E+11,2,Layer 4
3.76826E+11,3.76826E+11,2,Layer 4
3.77245E+11,3.77245E+11,2,Layer 4
3.34572E+11,3.34572E+11,2,Layer 4
50076076303,50076076302,2,Layer 4
6.35393E+11,3.77095E+11,2,Layer 4
4.79395E+11,5.15062E+11,2,Layer 4
4.47292E+11,4.47292E+11,2,Layer 4
3.07677E+11,3.07677E+11,2,Layer 4
3.43822E+11,3.43822E+11,2,Layer 4
5.15122E+11,5.15122E+11,2,Layer 4
2.30775E+11,2.30775E+11,2,Layer 4
4.16621E+11,4.16621E+11,2,Layer 5
3.39811E+11,3.39811E+11,2,Layer 4
4.16621E+11,4.16621E+11,2,Layer 5
4.06413E+11,4.06413E+11,2,Layer 4
3.70537E+11,3.70537E+11,2,Layer 4
2.70003E+11,2.70003E+11,2,Layer 4
3.73622E+11,3.73622E+11,1,Layer 4
3.76163E+11,3.76163E+11,1,Layer 5
3.03753E+11,3.03753E+11,1,Layer 5
1.65129E+11,1.65159E+11,1,Layer 4
4.50462E+11,4.50462E+11,1,Layer 5
3.76193E+11,3.76193E+11,1,Layer 5
3.67633E+11,3.67663E+11,2,Layer 4
3.01179E+11,3.01179E+11,2,Layer 4
53937375538,53937375539,2,Layer 4
4.05008E+11,4.05008E+11,2,Layer 4
4.84364E+11,4.84364E+11,2,Layer 4
2.74075E+11,2.74075E+11,2,Layer 4
1.26647E+11,1.26647E+11,2,Layer 4
4.1336E+11,4.1336E+11,2,Layer 4
5.54769E+11,5.54769E+11,2,Layer 5
4.0866E+11,4.0866E+11,2,Layer 4
4.43039E+11,4.07372E+11,2,Layer 4
4.07312E+11,6.35403E+11,2,Layer 4
3.72874E+11,3.72874E+11,2,Layer 4
3.3493E+11,6.35382E+11,2,Layer 4
1.23801E+11,1.23801E+11,2,Layer 5
5.54081E+11,5.54081E+11,2,Layer 5
87687377638,87687377637,2,Layer 4
54263621665,54263621664,2,Layer 5
6.35401E+11,3.74398E+11,2,Layer 5
3.0525E+11,3.0525E+11,2,Layer 5
3.43762E+11,6.35374E+11,2,Layer 4
4.76638E+11,4.76638E+11,2,Layer 4
5.57194E+11,5.57194E+11,2,Layer 5
4.42348E+11,4.42348E+11,2,Layer 5
3.38461E+11,3.38461E+11,2,Layer 5
4.45702E+11,4.45702E+11,2,Layer 5
4.50761E+11,4.50761E+11,2,Layer 5
6.3541E+11,3.79159E+11,2,Layer 4
2.64462E+11,2.64462E+11,2,Layer 5
5.19912E+11,5.19912E+11,1,Layer 4
3.01479E+11,3.01479E+11,1,Layer 4
2.96479E+11,2.96479E+11,1,Layer 4
3.70956E+11,3.70956E+11,1,Layer 4
4.05515E+11,4.05515E+11,1,Layer 4
1.29462E+11,1.29462E+11,1,Layer 4
2.96449E+11,2.96449E+11,1,Layer 4
2.96449E+11,2.96449E+11,1,Layer 4
2.30085E+11,2.30085E+11,1,Layer 4
6.35386E+11,4.42683E+11,1,Layer 3
57711596080,57681674134,1,Layer 3
57621934245,57621934246,1,Layer 3
2.01784E+11,2.01784E+11,1,Layer 3
1.29074E+11,1.29074E+11,1,Layer 3
4.40676E+11,4.40676E+11,1,Layer 3
3.72067E+11,3.72067E+11,1,Layer 4
3.73444E+11,3.73444E+11,1,Layer 4
3.73593E+11,6.35417E+11,1,Layer 4
5.1252E+11,5.1252E+11,1,Layer 3
94036358278,94036358279,1,Layer 3
3.77362E+11,3.77362E+11,1,Layer 5
3.37982E+11,3.37982E+11,1,Layer 5
1.25331E+11,1.25331E+11,1,Layer 4
4.79341E+11,4.79341E+11,1,Layer 3
6.35395E+11,6.3539E+11,1,Layer 2
4.78982E+11,4.78982E+11,1,Layer 2
4.79401E+11,4.79401E+11,1,Layer 3
3.72758E+11,3.72758E+11,1,Layer 3
4.78235E+11,4.78235E+11,1,Layer 2
4.43554E+11,4.43554E+11,1,Layer 3
6.35408E+11,6.35386E+11,1,Layer 3
4.78474E+11,4.78474E+11,1,Layer 2
2.6501E+11,2.6501E+11,1,Layer 2
4.43794E+11,4.43794E+11,1,Layer 3
4.08246E+11,4.08246E+11,1,Layer 3
4.78414E+11,4.78414E+11,1,Layer 2
4.08455E+11,4.08455E+11,1,Layer 3
3.00707E+11,3.00707E+11,1,Layer 2
3.00677E+11,3.00677E+11,1,Layer 2
3.39898E+11,3.39898E+11,2,Layer 5
4.87179E+11,4.87179E+11,2,Layer 4
4.086E+11,4.086E+11,2,Layer 4
4.84455E+11,4.84455E+11,2,Layer 4
4.81851E+11,4.81851E+11,1,Layer 4
3.7353E+11,3.7353E+11,2,Layer 5
3.67427E+11,3.67427E+11,2,Layer 3
4.48757E+11,4.48757E+11,2,Layer 4
6.35419E+11,1.29252E+11,1,Layer 4
4.79637E+11,4.79637E+11,1,Layer 3
4.77324E+11,4.77324E+11,2,Layer 5
3.37805E+11,3.37805E+11,2,Layer 4
4.79215E+11,4.79215E+11,1,Layer 4
4.85202E+11,4.85202E+11,2,Layer 4
4.50642E+11,4.50642E+11,2,Layer 5
3.73384E+11,3.73384E+11,1,Layer 4
3.73745E+11,3.73745E+11,1,Layer 3
4.48185E+11,4.48185E+11,1,Layer 5
84722210860,84722210859,1,Layer 4
49713424391,49713424390,1,Layer 4
85443908560,85443908561,2,Layer 3
1.2087E+11,1.2087E+11,1,Layer 4
6.35382E+11,3.36972E+11,1,Layer 3
4.38968E+11,4.38968E+11,1,Layer 4
4.40284E+11,4.40284E+11,2,Layer 4
6.35394E+11,4.45078E+11,1,Layer 3
4.84036E+11,4.84036E+11,2,Layer 4
2.71948E+11,2.71948E+11,2,Layer 5
2.60304E+11,2.60304E+11,1,Layer 4
4.12611E+11,4.12611E+11,2,Layer 4
5.4824E+11,5.4824E+11,2,Layer 5
2.69614E+11,2.69614E+11,1,Layer 4
2.97676E+11,2.97676E+11,2,Layer 4
4.87688E+11,4.87688E+11,2,Layer 4
5.51654E+11,5.51654E+11,2,Layer 5
3.76675E+11,3.76675E+11,1,Layer 4
4.02972E+11,4.02972E+11,1,Layer 3
2.74673E+11,2.74673E+11,1,Layer 4
1.23025E+11,1.23025E+11,1,Layer 4
4.83195E+11,4.83195E+11,2,Layer 5
90020577905,90020577904,2,Layer 5
58785249178,58785249179,2,Layer 4
4.7685E+11,4.7685E+11,2,Layer 4
49025323932,49025323933,1,Layer 4
3.37659E+11,3.37659E+11,1,Layer 3
3.72154E+11,3.72154E+11,2,Layer 4
4.4735E+11,6.35377E+11,2,Layer 4
4.42771E+11,4.42771E+11,2,Layer 4
6.3539E+11,2.63564E+11,2,Layer 5
4.11236E+11,4.11236E+11,2,Layer 3
4.10013E+11,4.10013E+11,2,Layer 2
4.76583E+11,4.76583E+11,1,Layer 3
5.162E+11,5.162E+11,1,Layer 4
2.64224E+11,2.64224E+11,2,Layer 5
3.76193E+11,3.76193E+11,1,Layer 5
4.10785E+11,4.10785E+11,2,Layer 5
4.76011E+11,4.76011E+11,1,Layer 4
3.41159E+11,3.41159E+11,2,Layer 4
1.30417E+11,1.30417E+11,2,Layer 5
6.35378E+11,4.50491E+11,1,Layer 5
4.84544E+11,4.84544E+11,2,Layer 4
4.40735E+11,4.40735E+11,2,Layer 4
5.17487E+11,5.17487E+11,2,Layer 4
1.64172E+11,1.64172E+11,1,Layer 3
5.17158E+11,5.17158E+11,1,Layer 4
3.73262E+11,3.73262E+11,2,Layer 4
4.48185E+11,4.48185E+11,1,Layer 5
3.3933E+11,3.3933E+11,1,Layer 5
4.50791E+11,6.35386E+11,2,Layer 5
5.56417E+11,5.56417E+11,2,Layer 4
1.21409E+11,1.21409E+11,1,Layer 4
88823475171,88823475199,2,Layer 5
3.69698E+11,3.69698E+11,1,Layer 4
54324817725,54324817724,1,Layer 4
2.29218E+11,2.29218E+11,2,Layer 4
4.09107E+11,4.09107E+11,2,Layer 5
4.38938E+11,4.38938E+11,1,Layer 4
3.74372E+11,3.74372E+11,2,Layer 4
4.77389E+11,4.77389E+11,2,Layer 4
4.0977E+11,6.35403E+11,1,Layer 3
3.40649E+11,3.40649E+11,2,Layer 4
4.09856E+11,4.09856E+11,2,Layer 5
3.38794E+11,3.38794E+11,1,Layer 4
3.02232E+11,3.02232E+11,1,Layer 3
3.7341E+11,3.7341E+11,2,Layer 5
4.49238E+11,4.49238E+11,2,Layer 3
6.35391E+11,88229387737,1,Layer 3
1.65189E+11,1.65189E+11,1,Layer 4
93676029578,93676029577,1,Layer 3
3.43521E+11,3.43521E+11,2,Layer 5
3.72212E+11,6.35401E+11,2,Layer 5
3.37237E+11,3.37237E+11,1,Layer 4
2.67939E+11,2.67939E+11,1,Layer 4
4.14438E+11,4.14438E+11,2,Layer 4
3.0133E+11,3.0133E+11,1,Layer 4
3.0193E+11,3.0196E+11,1,Layer 4
3.77782E+11,3.77782E+11,2,Layer 4
4.13121E+11,4.13121E+11,2,Layer 4
5.50515E+11,5.50515E+11,2,Layer 5
3.06028E+11,3.06058E+11,1,Layer 5
4.1339E+11,4.1339E+11,2,Layer 4
92145971465,92145971466,2,Layer 5
49563850135,49563850136,1,Layer 4
2.97646E+11,2.97646E+11,2,Layer 4
3.80028E+11,3.80028E+11,1,Layer 4
3.74817E+11,3.74817E+11,1,Layer 5
22400660574,22400660575,1,Layer 4
3.76344E+11,3.76344E+11,2,Layer 5
3.42234E+11,3.42234E+11,2,Layer 5
4.79962E+11,4.79962E+11,2,Layer 5
54233734391,54233734390,2,Layer 5
22613512079,22613512078,1,Layer 3
4.05755E+11,4.05755E+11,1,Layer 4
52050317248,52050317247,2,Layer 4
1.23954E+11,1.23954E+11,2,Layer 4
1.59527E+11,1.59527E+11,2,Layer 5
4.79242E+11,4.79242E+11,2,Layer 5
4.38938E+11,4.38938E+11,1,Layer 4
1.23831E+11,1.23831E+11,2,Layer 5
4.87028E+11,4.87028E+11,2,Layer 4
4.13092E+11,4.13092E+11,2,Layer 3
4.81759E+11,4.81759E+11,2,Layer 4
3.3541E+11,3.3541E+11,1,Layer 4
5.11439E+11,5.11439E+11,2,Layer 4
2.6566E+11,2.6566E+11,2,Layer 5
2.69074E+11,2.69074E+11,2,Layer 5
3.73619E+11,3.73619E+11,2,Layer 5
2.63505E+11,2.63505E+11,2,Layer 5
6.35401E+11,6.35378E+11,2,Layer 5
90114140309,90114140312,1,Layer 3
5.85586E+11,5.85586E+11,1,Layer 4
3.43791E+11,3.43791E+11,2,Layer 5
2.72963E+11,2.72963E+11,2,Layer 5
5.20121E+11,5.20121E+11,2,Layer 4
3.02584E+11,3.02584E+11,2,Layer 5
4.76637E+11,4.76637E+11,1,Layer 4
1.64172E+11,1.64172E+11,1,Layer 3
4.05426E+11,4.05426E+11,2,Layer 4
6.35399E+11,6.35371E+11,1,Layer 4
3.72669E+11,3.72669E+11,1,Layer 3
4.17311E+11,4.17311E+11,2,Layer 4
4.11953E+11,4.11953E+11,1,Layer 4
4.50315E+11,4.50315E+11,2,Layer 4
2.69074E+11,2.69074E+11,2,Layer 5
49055245883,49055245884,1,Layer 4
3.42176E+11,3.42176E+11,1,Layer 4
6.35389E+11,6.35385E+11,1,Layer 3
4.12372E+11,4.12372E+11,1,Layer 4
3.43611E+11,3.43611E+11,2,Layer 5
3.02232E+11,3.02232E+11,1,Layer 3
5.19881E+11,5.19881E+11,2,Layer 4
3.80237E+11,3.80267E+11,1,Layer 4
4.06744E+11,4.06744E+11,2,Layer 4
4.49056E+11,4.49056E+11,1,Layer 5
3.38012E+11,3.38012E+11,2,Layer 5
2.67758E+11,2.67758E+11,2,Layer 4
93735665327,93735665326,1,Layer 3
3.70634E+11,3.70634E+11,2,Layer 3
2.69674E+11,2.69674E+11,1,Layer 4
4.48185E+11,4.48185E+11,1,Layer 5
4.07252E+11,4.07252E+11,2,Layer 4
5.90647E+11,5.90647E+11,2,Layer 4
5.11349E+11,6.35374E+11,2,Layer 4
6.354E+11,6.35378E+11,1,Layer 4
3.39035E+11,3.39035E+11,1,Layer 3
4.50462E+11,4.50462E+11,2,Layer 5
84722210858,84722210857,1,Layer 4
6.35387E+11,3.72363E+11,2,Layer 4
49683502480,49683502477,1,Layer 4
4.40403E+11,4.40403E+11,2,Layer 4
4.07312E+11,4.07312E+11,2,Layer 4
5.19942E+11,5.19942E+11,2,Layer 4
2.67756E+11,2.67756E+11,2,Layer 5
3.67963E+11,3.67963E+11,1,Layer 4
4.51063E+11,4.51063E+11,2,Layer 4
5.84419E+11,5.84419E+11,2,Layer 4
1.59557E+11,1.59527E+11,2,Layer 5
4.53037E+11,4.53037E+11,2,Layer 4
3.77752E+11,3.77752E+11,2,Layer 5
5.48303E+11,5.48303E+11,1,Layer 4
5.09075E+11,5.09075E+11,1,Layer 3
1.21438E+11,1.21438E+11,1,Layer 4
3.75359E+11,3.75359E+11,2,Layer 4
2.67604E+11,2.67604E+11,2,Layer 5
3.73618E+11,3.73618E+11,2,Layer 5
6.35371E+11,4.82629E+11,1,Layer 4
4.39628E+11,4.39628E+11,2,Layer 3
2.7171E+11,2.7171E+11,2,Layer 4
3.68235E+11,3.68235E+11,1,Layer 3
3.3541E+11,3.3541E+11,1,Layer 4
90144062251,90144062250,1,Layer 3
4.48456E+11,4.48456E+11,1,Layer 5
3.39453E+11,3.39453E+11,1,Layer 3
4.38881E+11,4.38881E+11,1,Layer 3
5.14041E+11,5.14041E+11,2,Layer 5
4.50462E+11,4.50462E+11,1,Layer 5
4.4283E+11,4.4283E+11,2,Layer 4
6.35375E+11,6.3541E+11,2,Layer 4
3.76884E+11,3.76884E+11,2,Layer 4
6.35408E+11,6.3539E+11,1,Layer 3
3.0519E+11,3.0519E+11,2,Layer 5
4.04918E+11,4.04918E+11,2,Layer 4
3.7428E+11,3.7428E+11,1,Layer 4
3.81164E+11,3.81164E+11,2,Layer 4
86851227699,86851227698,2,Layer 3
6.35383E+11,4.49474E+11,2,Layer 5
3.72423E+11,3.72423E+11,2,Layer 4
3.75688E+11,3.75688E+11,2,Layer 4
3.0522E+11,3.0522E+11,2,Layer 5
4.76343E+11,4.76343E+11,1,Layer 3
6.23347E+11,6.23347E+11,2,Layer 5
4.08599E+11,4.08599E+11,2,Layer 5
3.086E+11,3.086E+11,2,Layer 5
4.86131E+11,4.86131E+11,2,Layer 4
3.33941E+11,3.33941E+11,2,Layer 4
54237270977,54237270976,1,Layer 4
4.86042E+11,4.86042E+11,2,Layer 3
5.21231E+11,5.21231E+11,2,Layer 3
3.77393E+11,3.77393E+11,2,Layer 4
4.07312E+11,4.07312E+11,2,Layer 4
1.59527E+11,1.59527E+11,2,Layer 5
4.118E+11,4.118E+11,1,Layer 5
3.74189E+11,3.74189E+11,2,Layer 5
4.08062E+11,6.35383E+11,1,Layer 4
4.41723E+11,4.41723E+11,2,Layer 4
3.7051E+11,3.7051E+11,2,Layer 3
3.80716E+11,3.80716E+11,2,Layer 4
4.07341E+11,4.07341E+11,2,Layer 4
1.28626E+11,1.28626E+11,1,Layer 3
3.70118E+11,3.70118E+11,1,Layer 4
5.15752E+11,5.15752E+11,1,Layer 4
5.17188E+11,5.17188E+11,1,Layer 4
3.72335E+11,3.72335E+11,1,Layer 4
3.77364E+11,3.77364E+11,2,Layer 4
4.47741E+11,4.47741E+11,1,Layer 4
3.43282E+11,3.43282E+11,2,Layer 5
4.76698E+11,4.76698E+11,2,Layer 4
3.4206E+11,6.35373E+11,2,Layer 3
5.54173E+11,5.54173E+11,2,Layer 4
2.61772E+11,2.61772E+11,1,Layer 3
1.31404E+11,1.31404E+11,2,Layer 5
4.80803E+11,4.80803E+11,1,Layer 4
5.14883E+11,5.14883E+11,2,Layer 4
14557368628,14557368629,2,Layer 4
5.24911E+11,6.35392E+11,1,Layer 3
3.38854E+11,3.38854E+11,1,Layer 4
3.07347E+11,3.07347E+11,2,Layer 4
4.8257E+11,4.8257E+11,2,Layer 4
6.35391E+11,5.8768E+11,2,Layer 5
4.76402E+11,4.76402E+11,2,Layer 4
4.46843E+11,4.46843E+11,1,Layer 4
3.3538E+11,6.35413E+11,1,Layer 4
1.63753E+11,1.63753E+11,1,Layer 3
4.04019E+11,4.04019E+11,1,Layer 4
3.73294E+11,3.73294E+11,1,Layer 3
5.12992E+11,5.12992E+11,2,Layer 5
2.99595E+11,2.99595E+11,1,Layer 3
49623675922,49623675923,1,Layer 4
89961774175,89961774174,1,Layer 4
1.21769E+11,1.21769E+11,1,Layer 4
3.37297E+11,3.37297E+11,2,Layer 4
4.76668E+11,4.76698E+11,2,Layer 4
4.46214E+11,4.46214E+11,2,Layer 4
53186570709,53186570710,2,Layer 5
3.72124E+11,3.72124E+11,2,Layer 4
1.29071E+11,1.29071E+11,1,Layer 5
6.35379E+11,6.35373E+11,2,Layer 4
3.39E+11,3.39E+11,2,Layer 5
2.60782E+11,2.60782E+11,1,Layer 4
3.76497E+11,3.76497E+11,2,Layer 4
3.37982E+11,3.37982E+11,2,Layer 5
4.07888E+11,4.07888E+11,1,Layer 2
1.58546E+11,6.3541E+11,1,Layer 3
4.07312E+11,4.07312E+11,2,Layer 4
93885552399,93885552400,1,Layer 3
1.65249E+11,1.65249E+11,1,Layer 4
2.73775E+11,2.73775E+11,2,Layer 4
4.79065E+11,4.79065E+11,2,Layer 4
4.09586E+11,4.09586E+11,2,Layer 5
5.49143E+11,5.49143E+11,2,Layer 4
6.35409E+11,3.80088E+11,1,Layer 4
3.69129E+11,3.69099E+11,1,Layer 4
3.0555E+11,3.0558E+11,2,Layer 4
4.75981E+11,4.75981E+11,1,Layer 4
4.77268E+11,4.77268E+11,1,Layer 4
3.72067E+11,3.72067E+11,1,Layer 4
2.65153E+11,2.65153E+11,2,Layer 4
4.50462E+11,6.35397E+11,2,Layer 5
3.78829E+11,3.78829E+11,2,Layer 5
4.82898E+11,4.82898E+11,2,Layer 4
88793570541,88793570542,2,Layer 5
3.1028E+11,3.1028E+11,2,Layer 4
2.64044E+11,2.64044E+11,1,Layer 4
5.48006E+11,5.48006E+11,1,Layer 4
3.3999E+11,3.3999E+11,1,Layer 4
2.68266E+11,6.3538E+11,2,Layer 5
4.50521E+11,4.50521E+11,1,Layer 5
4.74518E+11,4.74518E+11,1,Layer 3
4.11953E+11,4.11953E+11,1,Layer 4
2.64433E+11,2.64433E+11,2,Layer 5
3.73919E+11,3.73919E+11,2,Layer 5
4.07312E+11,4.07312E+11,2,Layer 4
58519314971,58519314973,1,Layer 3
3.41817E+11,3.41817E+11,1,Layer 4
4.08062E+11,4.08062E+11,1,Layer 4
4.09828E+11,4.09828E+11,2,Layer 4
3.36727E+11,3.36727E+11,1,Layer 4
1.2108E+11,1.2108E+11,1,Layer 4
6.35388E+11,4.07255E+11,1,Layer 3
4.05964E+11,4.05964E+11,1,Layer 4
4.43186E+11,6.35374E+11,2,Layer 5
3.39454E+11,3.39454E+11,2,Layer 3
4.41695E+11,4.41695E+11,2,Layer 3
1.53305E+11,1.53305E+11,1,Layer 3
87119796985,87119796986,1,Layer 4
5.17218E+11,5.17218E+11,1,Layer 4
4.118E+11,4.118E+11,1,Layer 5
4.4571E+11,4.4571E+11,2,Layer 2
2.97858E+11,2.97858E+11,2,Layer 4
92418649444,6.35386E+11,2,Layer 3
3.06717E+11,3.06717E+11,2,Layer 5
4.47261E+11,4.47261E+11,2,Layer 4
5.14851E+11,5.14851E+11,2,Layer 5
3.7482E+11,3.7482E+11,1,Layer 4
3.07707E+11,3.07707E+11,2,Layer 4
4.45256E+11,6.35379E+11,1,Layer 4
4.12702E+11,4.12702E+11,2,Layer 4
1.55847E+11,1.55847E+11,2,Layer 4
2.99117E+11,2.99117E+11,1,Layer 3
4.10995E+11,4.10995E+11,2,Layer 4
3.77036E+11,3.77036E+11,2,Layer 4
1.17308E+11,1.17308E+11,1,Layer 3
4.75921E+11,4.75921E+11,1,Layer 4
2.73776E+11,2.73776E+11,2,Layer 4
3.73772E+11,3.73772E+11,2,Layer 4
1.63843E+11,1.63843E+11,2,Layer 3
3.43762E+11,3.43762E+11,2,Layer 4
4.43246E+11,4.43246E+11,2,Layer 5
4.76668E+11,4.76668E+11,2,Layer 4
4.10816E+11,4.10816E+11,2,Layer 4
4.09136E+11,4.09136E+11,2,Layer 5
3.05194E+11,3.05194E+11,2,Layer 3
4.1183E+11,4.1183E+11,1,Layer 5
5.53573E+11,5.53573E+11,2,Layer 4
3.67784E+11,3.67784E+11,1,Layer 3
2.66981E+11,2.66981E+11,1,Layer 4
4.11027E+11,4.11056E+11,1,Layer 4
2.7093E+11,2.7093E+11,2,Layer 5
21923209735,21923209734,1,Layer 3
3.72423E+11,3.72423E+11,2,Layer 4
3.07256E+11,3.07256E+11,2,Layer 5
3.41307E+11,3.41307E+11,1,Layer 4
49176476503,49176476504,2,Layer 4
4.48126E+11,4.48126E+11,1,Layer 5
1.29015E+11,1.28985E+11,1,Layer 3
4.52111E+11,6.35396E+11,2,Layer 4
1.62075E+11,1.62075E+11,1,Layer 4
4.50551E+11,4.50551E+11,1,Layer 5
4.05997E+11,4.05997E+11,2,Layer 3
3.77873E+11,3.77873E+11,1,Layer 4
3.75328E+11,3.75328E+11,2,Layer 4
2.99384E+11,2.99384E+11,2,Layer 4
5.13715E+11,5.13715E+11,1,Layer 4
3.3936E+11,3.3936E+11,1,Layer 5
5.52913E+11,5.52913E+11,2,Layer 5
4.12849E+11,4.12849E+11,2,Layer 5
4.81223E+11,4.81223E+11,1,Layer 3
4.77659E+11,4.77659E+11,2,Layer 4
6.35407E+11,6.35387E+11,2,Layer 5
3.07078E+11,3.07078E+11,2,Layer 4
4.4301E+11,4.4301E+11,1,Layer 4
2.67068E+11,2.67068E+11,2,Layer 5
3.7341E+11,3.7341E+11,2,Layer 5
5.17335E+11,5.17335E+11,2,Layer 5
4.06115E+11,4.06115E+11,2,Layer 4
4.39269E+11,4.39269E+11,2,Layer 3
4.44088E+11,4.44088E+11,2,Layer 4
49055228526,49055245865,1,Layer 4
3.06028E+11,3.06028E+11,1,Layer 5
3.73473E+11,3.73473E+11,1,Layer 4
4.49087E+11,6.35413E+11,2,Layer 4
1.61234E+11,1.61234E+11,2,Layer 5
4.09856E+11,4.09856E+11,2,Layer 5
1.25538E+11,1.25538E+11,2,Layer 5
4.44027E+11,4.44027E+11,2,Layer 4
3.41037E+11,3.41037E+11,2,Layer 5
2.72697E+11,2.72697E+11,2,Layer 4
4.52408E+11,4.52408E+11,2,Layer 5
3.44809E+11,3.44809E+11,2,Layer 4
4.10095E+11,4.10095E+11,2,Layer 5
2.69283E+11,2.69283E+11,2,Layer 5
5.24131E+11,5.24131E+11,2,Layer 5
3.79069E+11,3.79069E+11,2,Layer 5
5.2416E+11,5.2416E+11,2,Layer 5
3.7934E+11,3.7934E+11,1,Layer 4
3.77003E+11,3.77003E+11,2,Layer 5
4.09857E+11,4.09857E+11,2,Layer 4
6.35371E+11,4.42827E+11,2,Layer 5
4.05994E+11,4.05994E+11,2,Layer 4
3.72273E+11,3.72273E+11,2,Layer 5
4.16048E+11,4.16048E+11,2,Layer 6
4.87621E+11,4.87621E+11,2,Layer 6
3.81606E+11,3.81606E+11,2,White matter
2.71853E+11,2.71853E+11,2,Layer 6
3.44235E+11,3.44235E+11,2,Layer 6
4.87621E+11,4.87621E+11,2,Layer 6
2.68169E+11,2.68169E+11,2,Layer 6
3.80142E+11,3.80142E+11,2,Layer 6
5.59225E+11,5.59225E+11,2,Layer 6
3.80831E+11,6.35404E+11,2,Layer 5
3.44175E+11,3.44175E+11,2,Layer 6
4.83101E+11,4.83101E+11,2,Layer 5
4.13803E+11,4.13803E+11,2,Layer 6
5.59648E+11,5.59648E+11,2,Layer 5
4.1234E+11,4.1234E+11,2,Layer 5
4.12487E+11,4.12487E+11,2,Layer 5
2.67785E+11,2.67815E+11,2,Layer 5
4.47076E+11,4.47046E+11,2,Layer 5
4.13358E+11,4.13358E+11,2,Layer 5
4.52707E+11,4.52707E+11,2,Layer 5
2.67785E+11,2.67785E+11,2,Layer 5
6.354E+11,22606854831,2,Layer 5
5.16884E+11,5.16884E+11,2,Layer 5
4.13267E+11,4.13267E+11,2,Layer 5
3.07105E+11,3.07105E+11,2,Layer 5
5.88249E+11,5.88249E+11,2,Layer 5
5.23917E+11,5.23917E+11,2,Layer 5
4.85828E+11,4.85798E+11,2,Layer 5
4.52673E+11,4.52673E+11,2,Layer 6
4.82623E+11,4.82623E+11,2,Layer 5
4.45667E+11,4.45667E+11,2,Layer 6
3.80291E+11,3.80291E+11,2,Layer 6
3.08928E+11,3.08928E+11,2,Layer 5
3.41991E+11,3.41991E+11,2,Layer 5
3.77839E+11,3.77839E+11,2,Layer 5
4.85052E+11,4.85052E+11,1,Layer 4
3.76673E+11,3.76674E+11,1,Layer 5
4.52738E+11,4.52738E+11,1,Layer 4
1.64829E+11,1.64829E+11,1,Layer 4
2.73114E+11,2.73114E+11,1,Layer 5
4.75651E+11,4.75651E+11,1,Layer 4
90352874380,90352874381,1,Layer 4
4.41362E+11,4.41362E+11,1,Layer 4
4.82629E+11,4.82629E+11,1,Layer 4
4.39837E+11,4.39837E+11,1,Layer 4
4.85562E+11,4.85562E+11,1,Layer 4
4.40014E+11,4.40014E+11,1,Layer 4
4.51209E+11,4.51209E+11,1,Layer 5
2.67366E+11,2.67366E+11,1,Layer 5
5.50305E+11,5.50305E+11,1,Layer 5
5.86602E+11,5.86602E+11,1,Layer 5
3.40048E+11,3.40048E+11,1,Layer 5
4.50161E+11,4.50161E+11,1,Layer 5
2.68864E+11,2.68864E+11,1,Layer 5
3.44985E+11,3.44985E+11,1,Layer 5
4.11591E+11,4.11591E+11,1,Layer 5
3.75805E+11,3.75805E+11,1,Layer 5
4.5154E+11,4.5154E+11,1,Layer 4
3.81968E+11,3.81968E+11,1,Layer 5
3.45166E+11,3.45166E+11,1,Layer 5
3.76823E+11,3.76823E+11,1,Layer 5
5.55813E+11,5.55813E+11,1,Layer 5
3.09559E+11,3.09559E+11,1,Layer 5
3.81998E+11,3.81998E+11,1,Layer 5
2.71976E+11,6.35384E+11,1,Layer 5
4.8813E+11,4.8813E+11,1,Layer 6
4.46327E+11,4.46327E+11,1,Layer 5
4.48603E+11,4.48603E+11,1,Layer 5
4.8816E+11,4.8816E+11,1,Layer 6
5.12367E+11,5.12367E+11,1,Layer 4
3.45465E+11,3.45465E+11,1,Layer 5
3.72151E+11,3.72151E+11,2,Layer 5
6.35396E+11,90946597718,2,Layer 5
4.87922E+11,4.87922E+11,2,Layer 5
3.72301E+11,3.72301E+11,2,Layer 5
3.41364E+11,3.41364E+11,2,Layer 5
6.35407E+11,2.3475E+11,2,Layer 5
3.08722E+11,3.08722E+11,2,Layer 5
3.74458E+11,3.74458E+11,2,Layer 5
3.79244E+11,3.79244E+11,2,Layer 5
4.11741E+11,4.11741E+11,1,Layer 5
4.08297E+11,4.08297E+11,1,Layer 5
4.49202E+11,4.49202E+11,1,Layer 5
4.11113E+11,4.11113E+11,1,Layer 5
4.83135E+11,4.83165E+11,1,Layer 5
3.05546E+11,3.05546E+11,1,Layer 5
5.1982E+11,5.1982E+11,1,Layer 5
5.18982E+11,5.18952E+11,1,Layer 5
4.8397E+11,4.8397E+11,1,Layer 5
3.01326E+11,3.01326E+11,1,Layer 5
4.48306E+11,4.48306E+11,1,Layer 5
4.52708E+11,4.52708E+11,1,Layer 4
3.41243E+11,3.41243E+11,1,Layer 5
4.77059E+11,4.77059E+11,1,Layer 4
1.29819E+11,1.29819E+11,1,Layer 5
4.47799E+11,4.47799E+11,1,Layer 4
94930237097,94930237099,1,Layer 5
3.37863E+11,3.37863E+11,1,Layer 5
3.09321E+11,3.09321E+11,1,Layer 4
5.23144E+11,5.23144E+11,1,Layer 4
1.31346E+11,1.31346E+11,1,Layer 4
2.26462E+11,2.26462E+11,1,Layer 4
4.4253E+11,4.4253E+11,1,Layer 4
4.06683E+11,4.06683E+11,1,Layer 4
4.45373E+11,4.45373E+11,1,Layer 5
3.79221E+11,3.79221E+11,1,Layer 4
3.44599E+11,3.44599E+11,1,Layer 5
5.12126E+11,5.12126E+11,1,Layer 4
4.88939E+11,4.88939E+11,1,Layer 5
4.82296E+11,6.35415E+11,1,Layer 5
4.16681E+11,4.16681E+11,2,Layer 5
3.40048E+11,3.40048E+11,1,Layer 5
4.09435E+11,4.09435E+11,1,Layer 5
5.24427E+11,5.24427E+11,1,Layer 5
2.32688E+11,2.32688E+11,1,Layer 5
5.54435E+11,5.54435E+11,1,Layer 6
5.2416E+11,5.2416E+11,2,Layer 5
3.72058E+11,3.72058E+11,1,Layer 5
5.49889E+11,5.49889E+11,2,Layer 4
3.36963E+11,3.36963E+11,1,Layer 5
1.61294E+11,1.61294E+11,2,Layer 5
3.43281E+11,3.43281E+11,2,Layer 5
2.74668E+11,2.74668E+11,2,Layer 5
3.37805E+11,3.37805E+11,2,Layer 4
4.47645E+11,4.47645E+11,2,Layer 5
4.43636E+11,4.43636E+11,1,Layer 5
5.23981E+11,5.23981E+11,1,Layer 5
6.35376E+11,5.94297E+11,2,Layer 5
3.44031E+11,3.44031E+11,2,Layer 4
1.29396E+11,1.29396E+11,1,Layer 5
5.13236E+11,5.13236E+11,2,Layer 4
4.83137E+11,6.35371E+11,2,Layer 4
5.9582E+11,5.9582E+11,2,Layer 6
4.5157E+11,4.5157E+11,1,Layer 4
3.79274E+11,3.79274E+11,2,Layer 5
24223974235,24223974236,2,Layer 5
4.49861E+11,4.49861E+11,2,Layer 5
3.0414E+11,6.35386E+11,2,Layer 5
3.02104E+11,6.35415E+11,1,Layer 5
4.81936E+11,4.81936E+11,1,Layer 5
4.88939E+11,4.88939E+11,2,Layer 5
3.73856E+11,3.73856E+11,1,Layer 5
3.44658E+11,3.44658E+11,2,Layer 5
2.73952E+11,2.73952E+11,1,Layer 5
4.43127E+11,4.43127E+11,1,Layer 5
5.1536E+11,5.1536E+11,2,Layer 5
1.3221E+11,1.3221E+11,1,Layer 5
3.43456E+11,3.43456E+11,2,Layer 6
2.68355E+11,2.68355E+11,1,Layer 5
3.40137E+11,3.40137E+11,1,Layer 5
2.98274E+11,2.98274E+11,1,Layer 4
1.60632E+11,1.60632E+11,1,Layer 5
3.08482E+11,3.08482E+11,2,Layer 5
3.7338E+11,3.7338E+11,1,Layer 5
4.82321E+11,4.82321E+11,2,Layer 6
1.25388E+11,1.25388E+11,2,Layer 5
5.2416E+11,5.2416E+11,2,Layer 5
4.52344E+11,4.52344E+11,1,Layer 6
4.16172E+11,4.16172E+11,2,Layer 4
5.58572E+11,5.58572E+11,2,Layer 4
5.22123E+11,5.22123E+11,2,Layer 5
4.09134E+11,4.09134E+11,1,Layer 5
5.23766E+11,5.23766E+11,2,Layer 6
5.13533E+11,5.13533E+11,1,Layer 4
1.29192E+11,1.29192E+11,1,Layer 4
4.47977E+11,4.47977E+11,2,Layer 5
2.67422E+11,2.67422E+11,1,Layer 6
5.12007E+11,5.12007E+11,1,Layer 4
6.35385E+11,3.72631E+11,1,Layer 5
1.65067E+11,1.65067E+11,2,Layer 5
4.46357E+11,4.46357E+11,2,Layer 5
5.22544E+11,5.22544E+11,2,Layer 5
1.61955E+11,1.61955E+11,2,Layer 4
4.46958E+11,4.46958E+11,1,Layer 5
5.17963E+11,6.354E+11,1,Layer 5
2.75057E+11,2.75057E+11,1,Layer 6
4.52464E+11,4.52464E+11,1,Layer 6
5.18678E+11,5.18678E+11,1,Layer 6
3.82088E+11,3.82088E+11,2,Layer 5
3.38012E+11,3.38012E+11,2,Layer 5
3.47019E+11,3.47019E+11,2,Layer 6
2.62488E+11,2.62488E+11,1,Layer 4
4.41422E+11,4.41422E+11,2,Layer 4
4.11772E+11,4.11772E+11,2,Layer 5
2.72905E+11,2.72905E+11,2,Layer 5
3.72421E+11,3.72421E+11,1,Layer 5
3.07642E+11,3.07612E+11,2,Layer 5
1.61294E+11,1.61294E+11,2,Layer 5
3.79304E+11,3.79304E+11,2,Layer 5
4.77745E+11,4.77745E+11,1,Layer 5
4.40283E+11,4.40283E+11,1,Layer 4
3.39717E+11,6.35382E+11,2,Layer 5
4.84183E+11,4.84183E+11,2,Layer 5
6.35411E+11,5.17454E+11,1,Layer 5
3.46304E+11,3.46304E+11,1,Layer 5
2.3463E+11,2.3463E+11,2,Layer 6
3.72841E+11,3.72841E+11,1,Layer 5
3.71316E+11,3.71316E+11,2,Layer 4
4.13418E+11,4.13418E+11,2,Layer 5
6.35394E+11,4.10243E+11,2,Layer 5
4.50011E+11,6.35417E+11,2,Layer 5
1.61172E+11,1.61172E+11,2,Layer 5
4.52643E+11,4.52643E+11,1,Layer 5
1.6725E+11,1.6725E+11,1,Layer 5
1.66953E+11,1.66953E+11,1,Layer 4
6.30769E+11,6.30769E+11,2,Layer 5
4.48276E+11,4.48276E+11,2,Layer 5
5.1973E+11,5.1973E+11,1,Layer 5
58962145709,6.35376E+11,2,Layer 5
3.45223E+11,3.45223E+11,2,Layer 6
3.39356E+11,3.39356E+11,2,Layer 5
4.07072E+11,6.35411E+11,1,Layer 4
3.08271E+11,6.35392E+11,2,Layer 5
3.07436E+11,3.07436E+11,1,Layer 5
5.5869E+11,5.5869E+11,2,Layer 5
4.51599E+11,4.51599E+11,1,Layer 5
3.79071E+11,3.79071E+11,1,Layer 3
1.61145E+11,1.61145E+11,2,Layer 5
3.75925E+11,3.75925E+11,1,Layer 5
5.54465E+11,5.54465E+11,2,Layer 5
3.78889E+11,6.35385E+11,1,Layer 5
4.85918E+11,4.85918E+11,2,Layer 5
5.20839E+11,5.20839E+11,2,Layer 4
3.43162E+11,3.43162E+11,2,Layer 5
2.73057E+11,6.35384E+11,2,Layer 4
5.11168E+11,5.11168E+11,1,Layer 4
4.43068E+11,4.43068E+11,1,Layer 4
3.75022E+11,3.75022E+11,2,Layer 6
1.26972E+11,1.26972E+11,1,Layer 5
3.44115E+11,3.44115E+11,2,Layer 6
4.15689E+11,4.15689E+11,2,Layer 5
4.87237E+11,4.87237E+11,1,Layer 4
4.40283E+11,4.40283E+11,1,Layer 4
3.74337E+11,3.74337E+11,1,Layer 5
2.69642E+11,2.69612E+11,1,Layer 5
6.35397E+11,3.4373E+11,2,Layer 5
4.14405E+11,4.14405E+11,1,Layer 5
3.43701E+11,6.3541E+11,2,Layer 5
3.03031E+11,3.03031E+11,1,Layer 5
3.45344E+11,3.45344E+11,2,Layer 5
4.09556E+11,4.09556E+11,2,Layer 5
1.61264E+11,1.61264E+11,2,Layer 5
3.46003E+11,3.46003E+11,2,Layer 5
5.20299E+11,5.20299E+11,1,Layer 5
4.40525E+11,4.40525E+11,1,Layer 4
4.52463E+11,4.52463E+11,1,Layer 6
3.09136E+11,3.09136E+11,2,Layer 6
4.81097E+11,4.81097E+11,1,Layer 5
4.81399E+11,4.81399E+11,1,Layer 5
4.82416E+11,4.82416E+11,1,Layer 5
4.8813E+11,4.8813E+11,1,Layer 6
4.05695E+11,4.05695E+11,1,Layer 4
3.75293E+11,3.75293E+11,2,Layer 5
4.16532E+11,4.16532E+11,1,Layer 4
4.12098E+11,4.12098E+11,1,Layer 5
4.12431E+11,4.12431E+11,2,Layer 5
4.8858E+11,4.8858E+11,2,Layer 5
2.71079E+11,2.71079E+11,1,Layer 5
4.09585E+11,4.09585E+11,1,Layer 5
4.43068E+11,4.43068E+11,1,Layer 4
4.53664E+11,4.53664E+11,2,Layer 5
4.4591E+11,4.4591E+11,1,Layer 5
6.35371E+11,3.72391E+11,1,Layer 5
3.38939E+11,3.38939E+11,2,Layer 5
3.09499E+11,3.09499E+11,1,Layer 5
3.79936E+11,3.79936E+11,2,Layer 5
4.89059E+11,4.89059E+11,1,Layer 5
5.18859E+11,5.18859E+11,2,Layer 5
4.47977E+11,4.47977E+11,1,Layer 5
4.12251E+11,4.12251E+11,1,Layer 5
3.75684E+11,3.75684E+11,1,Layer 5
4.47948E+11,4.47948E+11,1,Layer 5
2.30231E+11,2.30231E+11,1,Layer 5
4.47735E+11,4.83402E+11,1,Layer 5
6.3541E+11,3.4304E+11,2,Layer 5
4.49954E+11,4.49954E+11,2,Layer 5
4.15276E+11,4.15276E+11,1,Layer 4
3.80683E+11,3.80683E+11,2,Layer 5
22578891836,22578891835,1,Layer 5
4.84633E+11,4.84633E+11,2,Layer 5
3.68023E+11,3.68023E+11,2,Layer 4
3.73171E+11,3.73171E+11,1,Layer 5
1.26912E+11,1.26912E+11,1,Layer 5
4.11802E+11,4.11802E+11,2,Layer 5
4.83191E+11,4.83191E+11,2,Layer 5
3.42709E+11,6.35382E+11,2,Layer 5
4.8816E+11,4.8816E+11,1,Layer 6
4.51358E+11,4.51358E+11,2,Layer 5
2.68595E+11,2.68565E+11,1,Layer 5
5.20869E+11,5.20869E+11,2,Layer 4
3.7928E+11,3.7928E+11,1,Layer 4
4.82865E+11,4.82865E+11,1,Layer 5
1.25358E+11,1.25358E+11,2,Layer 5
4.48636E+11,4.48636E+11,1,Layer 5
6.35374E+11,6.35386E+11,2,Layer 5
2.72904E+11,2.72904E+11,2,Layer 5
5.48092E+11,5.48092E+11,1,Layer 4
4.51989E+11,6.35384E+11,1,Layer 4
4.51599E+11,4.51599E+11,1,Layer 5
4.12012E+11,4.12012E+11,2,Layer 4
3.79214E+11,3.79214E+11,2,Layer 5
5.17902E+11,5.17902E+11,1,Layer 5
4.09497E+11,4.09497E+11,2,Layer 4
5.21824E+11,5.21824E+11,2,Layer 5
3.76793E+11,3.76793E+11,1,Layer 5
2.73144E+11,2.73144E+11,1,Layer 5
5.5252E+11,5.5252E+11,2,Layer 5
4.14464E+11,4.14464E+11,2,Layer 5
4.11769E+11,4.11769E+11,1,Layer 5
4.52946E+11,4.52946E+11,2,Layer 5
2.67037E+11,2.67037E+11,1,Layer 5
1.29576E+11,1.29576E+11,2,Layer 5
5.10578E+11,5.10578E+11,2,Layer 2
4.40883E+11,4.40883E+11,1,Layer 4
3.37744E+11,3.37744E+11,1,Layer 5
3.05935E+11,3.05935E+11,2,Layer 5
4.08209E+11,4.08209E+11,1,Layer 5
6.35412E+11,94122483577,1,Layer 4
6.3537E+11,4.51954E+11,1,Layer 6
3.33672E+11,3.33672E+11,1,Layer 4
4.45368E+11,4.45368E+11,2,Layer 6
4.04557E+11,4.04557E+11,1,Layer 4
3.76584E+11,3.76584E+11,2,Layer 5
3.09651E+11,3.09651E+11,2,Layer 4
4.42559E+11,4.42559E+11,1,Layer 4
5.20268E+11,5.20268E+11,2,Layer 5
4.51808E+11,4.51808E+11,2,Layer 5
4.51298E+11,4.51298E+11,2,Layer 5
3.45435E+11,3.45435E+11,1,Layer 5
1.31222E+11,1.31222E+11,1,Layer 5
4.16018E+11,6.35378E+11,2,Layer 6
4.4579E+11,6.35371E+11,1,Layer 5
3.41183E+11,3.41183E+11,1,Layer 5
3.75804E+11,3.75804E+11,1,Layer 5
3.4343E+11,3.4343E+11,2,Layer 5
4.87657E+11,4.87657E+11,1,Layer 4
3.05458E+11,3.05458E+11,1,Layer 5
2.01E+11,2.01E+11,2,Layer 5
4.14822E+11,4.14822E+11,2,Layer 5
3.05813E+11,3.05813E+11,2,Layer 6
3.7799E+11,3.7799E+11,1,Layer 5
3.76584E+11,3.76584E+11,2,Layer 5
3.75326E+11,3.75326E+11,2,Layer 5
4.1339E+11,4.1339E+11,2,Layer 4
4.42138E+11,4.42138E+11,1,Layer 5
3.71076E+11,3.71076E+11,1,Layer 4
3.40527E+11,3.40527E+11,1,Layer 5
1.25328E+11,1.25328E+11,2,Layer 5
6.3537E+11,4.12221E+11,2,Layer 5
5.24604E+11,5.24604E+11,2,Layer 6
4.51629E+11,4.51629E+11,2,Layer 5
4.07641E+11,6.35383E+11,1,Layer 4
4.89059E+11,4.89059E+11,1,Layer 5
3.75325E+11,3.75325E+11,2,Layer 5
6.35372E+11,6.35419E+11,2,Layer 5
4.52016E+11,4.52016E+11,1,Layer 5
3.05549E+11,6.35384E+11,1,Layer 5
3.08958E+11,3.08958E+11,2,Layer 5
4.13029E+11,4.13029E+11,2,Layer 5
3.44031E+11,3.44031E+11,2,Layer 4
6.35372E+11,6.35391E+11,1,Layer 4
4.48603E+11,4.48603E+11,1,Layer 5
3.04651E+11,3.04651E+11,1,Layer 5
5.90613E+11,5.90613E+11,1,Layer 5
1.25568E+11,1.25568E+11,2,Layer 5
6.354E+11,6.35379E+11,1,Layer 4
4.09856E+11,4.09856E+11,2,Layer 5
3.36337E+11,3.36337E+11,2,Layer 4
4.8816E+11,4.8816E+11,2,Layer 6
3.33372E+11,3.33372E+11,1,Layer 4
4.05216E+11,4.05216E+11,2,Layer 4
4.47528E+11,4.47528E+11,1,Layer 5
4.52493E+11,4.52493E+11,1,Layer 6
2.36667E+11,2.36667E+11,2,Layer 5
1.61925E+11,1.61925E+11,2,Layer 4
4.51833E+11,4.51833E+11,2,Layer 6
4.4241E+11,4.4241E+11,1,Layer 4
4.17158E+11,4.17158E+11,1,Layer 5
5.47734E+11,5.47734E+11,1,Layer 4
3.73441E+11,3.73441E+11,1,Layer 5
5.58392E+11,5.58392E+11,1,Layer 4
4.40404E+11,4.40404E+11,2,Layer 4
4.81037E+11,4.81037E+11,1,Layer 5
4.08179E+11,4.08179E+11,1,Layer 5
4.46327E+11,4.46327E+11,2,Layer 5
3.45223E+11,3.45223E+11,2,Layer 6
2.65929E+11,2.65929E+11,1,Layer 5
4.79273E+11,4.79273E+11,1,Layer 5
5.19458E+11,5.19458E+11,1,Layer 5
4.16018E+11,4.16018E+11,2,Layer 6
3.82087E+11,3.82087E+11,2,Layer 6
5.5623E+11,5.5623E+11,2,Layer 6
3.44532E+11,3.44532E+11,2,White matter
4.828E+11,4.828E+11,2,Layer 6
2.71941E+11,2.71941E+11,2,White matter
4.15063E+11,4.15063E+11,2,Layer 5
4.49864E+11,4.49864E+11,2,Layer 5
3.77085E+11,3.77085E+11,2,White matter
5.57279E+11,5.57279E+11,2,Layer 5
4.1587E+11,4.1587E+11,2,Layer 5
4.17006E+11,4.17006E+11,2,Layer 6
3.40223E+11,3.40223E+11,2,Layer 6
3.45673E+11,3.45673E+11,2,Layer 5
4.12454E+11,4.12454E+11,2,Layer 6
6.35382E+11,3.4115E+11,2,Layer 6
4.87741E+11,4.87741E+11,2,Layer 6
2.72332E+11,2.72332E+11,1,Layer 6
6.3537E+11,4.11587E+11,1,Layer 6
4.85166E+11,4.85166E+11,1,Layer 6
3.80891E+11,3.80891E+11,1,Layer 5
4.1545E+11,4.1545E+11,1,Layer 5
3.80891E+11,3.80891E+11,1,Layer 5
5.23768E+11,5.23768E+11,1,Layer 5
5.59166E+11,5.59166E+11,1,Layer 5
6.35405E+11,4.16647E+11,1,Layer 5
4.87144E+11,4.87144E+11,1,Layer 5
3.80861E+11,3.80861E+11,1,Layer 5
3.7598E+11,6.35379E+11,1,Layer 6
4.49799E+11,4.49799E+11,1,Layer 6
4.16558E+11,6.35378E+11,1,Layer 5
90794716947,6.35377E+11,2,Layer 5
4.16587E+11,4.16587E+11,2,Layer 6
4.15362E+11,4.15362E+11,2,Layer 5
2.74938E+11,6.3538E+11,1,Layer 5
4.50935E+11,4.50905E+11,1,Layer 6
4.52763E+11,4.52763E+11,1,Layer 5
5.23408E+11,5.23408E+11,1,Layer 6
5.92556E+11,5.92556E+11,1,Layer 6
4.18262E+11,4.18292E+11,1,Layer 6
2.69159E+11,2.69159E+11,1,Layer 6
6.35408E+11,4.50905E+11,1,Layer 6
3.10902E+11,3.10902E+11,1,Layer 6
3.43217E+11,3.43217E+11,1,Layer 6
6.35387E+11,6.35375E+11,1,Layer 6
4.86572E+11,4.86572E+11,1,Layer 6
2.3981E+11,2.3981E+11,1,Layer 5
4.87742E+11,6.35415E+11,1,Layer 5
6.35378E+11,4.48629E+11,2,Layer 6
4.16946E+11,6.35378E+11,1,Layer 5
4.83101E+11,4.83101E+11,1,Layer 6
4.13112E+11,4.13112E+11,2,Layer 6
3.04856E+11,3.04856E+11,1,Layer 6
4.49829E+11,4.49829E+11,1,Layer 6
3.76519E+11,6.35375E+11,1,Layer 6
5.19783E+11,5.19783E+11,2,Layer 6
3.46838E+11,6.35393E+11,2,Layer 6
90974109974,90974109973,2,Layer 6
2.74908E+11,2.74908E+11,1,Layer 5
3.06293E+11,3.06293E+11,1,Layer 6
3.03927E+11,3.03927E+11,2,Layer 6
3.77717E+11,3.77717E+11,1,Layer 6
4.85466E+11,4.85466E+11,1,Layer 6
4.50905E+11,4.50905E+11,1,Layer 6
4.50905E+11,4.50905E+11,1,Layer 6
3.44861E+11,3.44861E+11,2,White matter
3.43755E+11,3.43755E+11,1,Layer 6
2.68498E+11,2.68498E+11,1,Layer 6
4.09761E+11,4.09761E+11,2,Layer 5
4.53749E+11,4.53749E+11,1,Layer 6
3.8002E+11,3.8002E+11,2,White matter
4.13748E+11,4.13748E+11,2,Layer 4
3.07639E+11,3.07639E+11,1,Layer 6
5.20563E+11,5.20563E+11,2,Layer 6
5.23798E+11,5.23798E+11,1,Layer 5
5.56859E+11,6.35388E+11,1,Layer 6
5.20355E+11,5.20355E+11,1,Layer 6
2.75624E+11,2.75624E+11,1,Layer 6
4.49918E+11,4.49918E+11,1,Layer 6
4.50935E+11,4.50935E+11,1,Layer 6
4.49589E+11,6.35409E+11,1,Layer 6
3.04315E+11,3.04315E+11,1,Layer 6
4.54915E+11,4.54915E+11,2,White matter
3.82595E+11,3.82595E+11,1,Layer 6
5.23738E+11,5.23738E+11,1,Layer 5
3.74483E+11,6.35377E+11,2,Layer 6
3.06443E+11,3.06443E+11,1,Layer 6
4.12394E+11,4.12394E+11,2,Layer 6
4.48629E+11,6.35404E+11,2,Layer 6
5.56829E+11,5.56829E+11,1,Layer 6
4.85047E+11,4.85047E+11,1,Layer 6
3.47199E+11,3.47199E+11,2,Layer 6
3.40102E+11,3.40102E+11,1,Layer 6
4.86483E+11,4.86483E+11,1,Layer 6
5.21222E+11,5.21222E+11,1,Layer 6
3.44296E+11,3.44296E+11,1,Layer 5
4.16887E+11,4.16887E+11,1,Layer 5
5.23499E+11,5.23469E+11,1,Layer 5
2.69516E+11,2.69516E+11,1,Layer 6
3.02728E+11,3.02728E+11,2,Layer 6
6.35399E+11,6.35412E+11,1,Layer 6
4.53749E+11,4.53779E+11,1,Layer 6
6.35371E+11,4.12453E+11,2,Layer 6
3.79601E+11,3.79572E+11,1,Layer 6
5.18708E+11,5.18708E+11,1,Layer 6
4.09041E+11,4.09041E+11,1,Layer 6
3.80891E+11,3.80891E+11,1,Layer 5
5.56829E+11,5.56829E+11,1,Layer 6
4.50666E+11,4.50666E+11,2,Layer 6
4.48809E+11,4.48809E+11,2,Layer 6
4.1536E+11,4.1536E+11,1,Layer 5
4.14879E+11,4.14879E+11,1,Layer 6
5.92556E+11,5.92556E+11,1,Layer 6
4.18262E+11,4.18262E+11,1,Layer 6
4.86542E+11,6.35399E+11,1,Layer 6
6.35417E+11,3.10634E+11,1,Layer 5
4.18112E+11,4.18112E+11,1,Layer 6
2.72362E+11,2.72362E+11,1,Layer 6
4.11795E+11,4.11795E+11,1,Layer 6
3.4226E+11,3.4226E+11,2,Layer 6
4.15959E+11,4.15959E+11,2,Layer 5
2.72691E+11,2.72691E+11,1,Layer 6
6.3538E+11,5.5623E+11,2,Layer 6
3.0303E+11,3.0303E+11,2,Layer 5
4.47524E+11,4.47524E+11,1,Layer 6
5.24215E+11,5.24215E+11,2,Layer 6
4.14341E+11,4.14341E+11,1,Layer 6
3.43546E+11,3.43546E+11,2,Layer 6
4.14012E+11,4.14012E+11,1,Layer 6
3.40613E+11,3.40613E+11,1,Layer 6
4.85047E+11,4.85047E+11,1,Layer 6
5.1772E+11,5.1772E+11,1,Layer 6
4.18262E+11,4.18262E+11,1,Layer 6
4.1898E+11,4.1898E+11,1,Layer 6
